name;translated;tags
"Camara Municipal SP";"camara municipal sp";"7"
"Comércio, Serviços e Turismo";"trade, services and tourism";"8"
"Cultura, Lazer e Esporte";"culture, leisure and sport";"6"
"Conjuntos de dados em destaque";"data sets in the spotlight";"68"
"Defesa e Segurança";"defence and security";"36"
"Economia e Finanças";"economy and finance";"26"
"Educação";"education";"43"
"Equipamentos Públicos";"public facilities";"79"
"Geografia";"geography";"3"
"Governo e Política";"government and politics";"129"
"Habitação, Saneamento e Urbanismo";"housing, sanitation and urbanism";"21"
"Informações de Saúde";"health information";"3"
"Indústria";"industry";"11"
"Justiça e Legislação";"justice and law";"21"
"Meio Ambiente";"environment";"6"
"Pessoa, Familia e Sociedade";"person, family and society";"53"
"Plataforma de Gestão de Indicadores";"management platform indicators";"2"
"Plano Plurianual";"multi-year plan";"5"
"Relações Internacionais";"international relations";"4"
"Saúde";"health";"31"
"Trabalho";"work";"25"
"Transportes e Trânsito";"transportation and transit";"28"
"Cultura";"culture";"3"
"Deporte";"sport";"0"
"Desarrollo Social";"social development";"11"
"Economía";"economy";"22"
"Educación";"education";"1"
"Industria";"industry";"4"
"Infraestructura";"infrastructure";"25"
"Medio Ambiente";"environment";"0"
"Salud";"health";"2"
"Trabajo";"work";"0"
"Transporte";"transport";"21"
"Turismo";"tourism";"7"
"Vivienda";"housing";"4"
"IS 50V / ISN93";"is 50v / isn93";"17"
"Actividad Económica";"economic activity";"102"
"Administración Pública y Normativa";"public administration and policy";"67"
"Cultura y Recreación";"culture and recreation";"92"
"Educación";"education";"27"
"Infraestructura y Obra Pública";"infrastructure and public works";"43"
"Medio Ambiente";"environment";"38"
"Movilidad y Transporte";"mobility and transport";"48"
"Salud y Servicios Sociales";"health and social services";"28"
"Seguridad";"security";"46"
"Urbanismo y Territorio";"urbanism and territory";"106"
"Business and Industrial Development";"business and industrial development";"26"
"Conservation and Environment";"conservation and environment";"20"
"Education and Training";"education and training";"13"
"Emergency Management";"emergency management";"3"
"Finance";"finance";"3"
"Government Administration";"government administration";"31"
"Health";"health";"4"
"Infrastructure and Communications";"infrastructure and communications";"29"
"Labour";"labour";"1"
"Land and Resource Management";"land and resource management";"35"
"Law and Order";"law and order";"14"
"Primary Industries";"primary industries";"0"
"Recreation and Culture";"recreation and culture";"10"
"Social and Community Services";"social and community services";"5"
"Arts and culture";"Arts and culture";"91"
"Business and economic";"Business and economic";"135"
"Community services";"Community services";"151"
"Construction and housing";"Construction and housing";"55"
"Disaster recovery";"Disaster recovery";"35"
"Education";"Education";"141"
"Environment";"Environment";"169"
"Events";"Events";"5"
"Facilities and structures";"Facilities and structures";"29"
"Finances";"Finances";"58"
"Geography";"Geography";"2"
"Government";"Government";"179"
"Health";"Health";"155"
"Historical";"Historical";"107"
"Indigenous";"Indigenous";"16"
"Information and communications technology (ICT)";"Information and communications technology (ICT)";"30"
"Library";"Library";"28"
"Maps and geospatial";"Maps and geospatial";"90"
"Media";"Media";"0"
"Mining";"Mining";"20"
"Organisations";"Organisations";"2"
"Parks and recreation";"Parks and recreation";"24"
"People and society";"People and society";"17"
"Property";"Property";"26"
"Public safety";"Public safety";"79"
"Public service";"Public service";"138"
"Sciences";"Sciences";"60"
"Social services";"Social services";"32"
"Training, employment and jobs";"Training, employment and jobs";"43"
"Transportation";"Transportation";"157"
"Women";"Women";"0"
"Business Support and Regulation";"business support and regulation";"199"
"Civic Infrastructure";"civic infrastructure";"42"
"Communications";"communications";"51"
"Community Services";"community services";"91"
"Cultural Affairs";"cultural affairs";"23"
"Defence";"defence";"0"
"Education and Training";"education and training";"44"
"Employment";"employment";"60"
"Environment";"environment";"100"
"Finance Management";"finance management";"23"
"Governance";"governance";"27"
"Health Care";"health care";"39"
"Immigration";"immigration";"14"
"Indigenous Affairs";"indigenous affairs";"21"
"International Relations";"international relations";"0"
"Justice Administration";"justice administration";"0"
"Maritime Services";"maritime services";"0"
"Natural Resources";"natural resources";"3"
"Primary Industries";"primary industries";"11"
"Science";"science";"73"
"Security";"security";"0"
"Sport and Recreation";"sport and recreation";"36"
"Tourism";"tourism";"24"
"Trade";"trade";"0"
"Transport";"transport";"50"
"Business & Economy";"Business & Economy";"0"
"City Hall";"City Hall";"0"
"Demographics";"Demographics";"0"
"Environment";"Environment";"0"
"Geography and Maps";"Geography and Maps";"0"
"Health and Safety";"Health and Safety";"0"
"Living";"Living";"0"
"Planning & Development";"Planning & Development";"0"
"Transportation";"Transportation";"0"
"Aluesarjat";"area series";"163"
"Helsingin historialliset kartat";"helsinki historical maps";"3"
"Helsingin historialliset tilastot";"helsinki, historical statistics";"74"
"Helsingin nuoret alueittain";"helsinki youth by region";"20"
"Helsingin tilastolliset vuosikirjat";"helsinki statistical yearbooks";"241"
"Helsingin väestötilastot";"helsinki population statistics";"35"
"Helsinki alueittain";"helsinki region";"43"
"Kuutoskaupunkien varhaiskasvatus- ja sosiaalipalvelujen vertailut ";"kuutoskaupungit education and social services comparisons ";"24"
"Naiset ja miehet Helsingissä";"women and men in helsinki";"54"
"Pääkaupunkiseudun ilmanlaatutiedot";"metropolitan air quality information";"2"
"Väestöennusteet";"population projections";"16"
"Bevölkerung";"population";"139"
"Bildung und Wissenschaft";"education and science";"547"
"GDI-RP";"gdi-rp";"991"
"Geographie, Geologie und Geobasisdaten";"geography, Geology and the GEODATA";"995"
"Gesundheit";"health";"55"
"Infrastruktur, Bauen und Wohnen";"infrastructure, building and housing";"93"
"Gesetze und Justiz";"laws and justice";"87"
"Kultur, Freizeit, Sport und Tourismus";"culture, leisure, sport and tourism";"11"
"Politik und Wahlen";"politics and elections";"261"
"Soziales";"social";"293"
"Transport und Verkehr";"transport and traffic";"17"
"Umwelt und Klima";"environment and the climate";"212"
"Verbraucherschutz";"consumer protection";"254"
"Öffentliche Verwaltung, Haushalt und Steuern";"Public administration, budget and taxes";"48"
"Wirtschaft und Arbeit";"economy and work";"224"
"Bevölkerung";"population";"10"
"Bildung und Wissenschaft";"education and science";"63"
"Geographie, Geologie und Geobasisdaten";"geography, Geology and the GEODATA";"76"
"Gesetze und Justiz";"laws and justice";"5"
"Gesundheit";"health";"33"
"Infrastruktur, Bauen und Wohnen";"infrastructure, building and housing";"142"
"Kultur, Freizeit, Sport und Tourismus";"culture, leisure, sport and tourism";"69"
"Politik und Wahlen";"politics and elections";"24"
"Soziales";"social";"32"
"Transport und Verkehr";"transport and traffic";"37"
"Umwelt und Klima";"environment and the climate";"83"
"Verbraucherschutz";"consumer protection";"31"
"Öffentliche Verwaltung, Haushalt und Steuern";"Public administration, budget and taxes";"63"
"Wirtschaft und Arbeit";"economy and work";"74"
"Casa Edilizia Territorio";"house building territory";"0"
"Cultura e Marketing Territoriale";"culture and territorial marketing";"0"
"Dati Geografici";"geographical data";"23"
"Dati Statistici";"statistical data";"2"
"Elezioni";"elections";"5"
"Fornitori e professionisti";"suppliers and professionals";"0"
"Mobilità";"mobility";"0"
"Organizzazione Uffici Contatti";"organization offices contacts";"0"
"Trasparenza";"transparency";"0"
"Commercio e consumatori";"trade and consumer";"2"
"Cultura";"culture";"6"
"Economia";"economy";"7"
"Emergenza e sicurezza";"emergency and safety";"0"
"Statistiche accessi a Pisa WIFI";"access statistics to pisa wifi";"0"
"Infrastrutture e trasporti";"infrastructure and transport";"9"
"Istruzione e ricerca";"education and research";"0"
"Lavoro e formazione";"work and training";"13"
"Meteo";"weather";"4"
"Pubblica Amministrazione";"public administration";"26"
"Salute";"health";"6"
"Sociale";"social";"10"
"Sport";"sports";"0"
"Statistica";"statistics";"31"
"Territorio ed ambiente";"territory and the environment";"22"
"Trasparenza";"transparency";"8"
"Turismo e tempo libero";"tourism and leisure";"10"
"Ciencia y Tecnología";"science and technology";"124"
"Comercio";"trade";"37"
"Cultura y ocio";"culture and leisure";"25"
"Demografía";"demographics";"793"
"Deporte";"sport";"5"
"Economía";"economy";"33"
"Educación";"education";"80"
"Empleo";"employment";"40"
"Energía";"energy";"29"
"Expedientes";"records";"7"
"Hacienda";"hacienda";"52"
"Industria";"industry";"23"
"Legislación y justicia";"law and justice";"28"
"Medio Ambiente";"environment";"145"
"Medio rural";"rural";"55"
"Salud";"health";"23"
"Sector público";"public sector";"181"
"Seguridad";"security";"28"
"Sociedad y bienestar";"society and well-being";"28"
"Transporte";"transport";"10"
"Turismo";"tourism";"86"
"Urbanismo e infraestructuras";"urbanism and infrastructure";"38"
"Vivienda";"housing";"7"
"OKF Test Group";"okf test group";"0"
"Agriculture, Fisheries, Forestry  ";"Agriculture, Fisheries, Forestry  ";"274"
"Culture and Arts";"Culture and Arts";"19"
"Economy and Industry";"Economy and Industry";"286"
"Education and Communication";"Education and Communication";"304"
"Employment";"Employment";"89"
"Environment";"Environment";"231"
"Finance and Budgeting";"Finance and Budgeting";"364"
"Geography";"Geography";"32"
"Health";"Health";"118"
"Politics and Transparency";"Politics and Transparency";"162"
"Population";"Population";"189"
"Government Services";"Government Services";"110"
"Social Questions";"Social Questions";"358"
"Transportation";"Transportation";"202"
"非鉄金属等需給動態統計調査";"Non-ferrous metals demand and supply current survey";"4"
"SMRJ_中小企業景況調査";"smrj_ SME business survey";"2"
"企業表彰/選定情報";"Company awards/selection information";"26"
"設備投資調査結果（化学分野）";"Investment survey results (chemical field)";"1"
"電子商取引実態調査";"Electronic Commerce survey";"6"
"INPIT_知的財産権取引業者データベース";"inpit_ intellectual property rights of traders database";"4"
"ソーダ工業用塩需給見通しのポイント";"Soda, industrial salt supply and demand forecasts for points";"1"
"NITE_事業報告書";"nite_ Business Report";"1"
"金属加工統計調査";"Metal processing statistics";"4"
"JETRO_その他支出状況等";"jetro_ other expenditure status, etc.";"7"
"貴金属流通統計調査";"Precious metals distribution statistics";"4"
"第1種フロン類回収量";"Type 1 fluorocarbons recovery volume";"1"
"INPIT_事業報告書";"inpit_ Business Report";"1"
"特定機械設備統計調査";"Specific machinery and equipment statistics";"1"
"SMRJ_ファンド事業の実績";"smrj_ Fund business results";"3"
"情報処理実態調査";"Information processing survey";"6"
"NITE_支出関連情報";"nite_ expenditure related information";"5"
"情報通信業基本調査";"Information and communications industry survey";"6"
"INPIT_財務に関する情報";"inpit_ financial information";"1"
"工場立地動向調査";"Factory location trend survey";"1"
"IPA_役員に対する報酬及び退職手当の支給の基準並びに職員に対する給与及び退職手当の支給の基準";"ipa_ officer compensation and retirement allowances, the standards for employees. salary and retirement allowance of the standards";"0"
"優先評価化学物質の製造・輸入数量";"Priority assessment chemical substances that are manufactured or imported in quantities of";"1"
"化学物質の製造・輸入量に関する実態調査";"Chemical substances that are manufactured, imports into the investigation";"1"
"バイオ産業創造基礎調査";"Bio industry basic survey";"8"
"AIST_事業報告書";"aist_ Business Report";"3"
"NEDO_財務情報";"nedo_ financial information";"1"
"IPA_情報セキュリティ技術動向調査";"ipa_ information security technology trends survey";"1"
"我が国の主要石油化学製品製品生産能力調査";"Japan's main petrochemical products and production capacity survey";"1"
"グリーンイノベーション分野、ライフイノベーション分野の特許出願状況";"field of green innovation and life innovation fields, and patent status";"5"
"建設機械動向調査";"Construction machinery trends survey";"1"
"その他コード";"Other code";"9"
"非鉄金属海外鉱等受入調査";"Non-ferrous metals, foreign mining, etc., receiving survey";"4"
"国内商品先物苦情等件数";"Domestic Commodity Futures complaints number of";"1"
"平成27年度　経済産業省委託調査報告書";"Heisei 27 year METI-commissioned report";"54"
"石油化学製品の物流及び物流を巡る商慣行に関する調査結果";"Petrochemical products logistics and logistics regarding business practices related to survey results";"1"
"エチレン換算輸出入";"Ethylene conversion, import, export";"1"
"第3次産業活動指数";"Chapter 3-industry activity index";"1"
"IPA_情報処理技術者試験_統計情報";"ipa_ information processing engineer tests _ statistical information";"2"
"オゾン層破壊物質の生産量、消費量等";"Of ozone-depleting substances production and consumption, etc.";"1"
"国際産業連関表";"An international";"2"
"鉱工業指数（鉱工業生産・出荷・在庫指数、稼働率・生産能力指数、製造工業生産予測指数）";"Industrial Production index (industrial production inventory index, the operating ratio and production capacity index, Manufacturing Industrial Production forecast index)";"2"
"SMRJ_データでみる中小企業診断士";"smrj_ data to small and medium enterprise management consultant";"21"
"JETRO_日本の港別食料品輸出データ";"jetro_ the Japanese Ports of different food products export data";"5"
"NEXI_年次報告書";"nexi_ Annual Report";"1"
"SMRJ_随意契約見直し計画のフォローアップ";"smrj_ negotiated contract review plan for follow-up";"1"
"NEXI_協力協定締結先";"nexi_ cooperation agreement with partners";"1"
"IPA_公募・入札・随意発注に関する情報";"ipa_ public・bidding・any orders related information";"2"
"NEDO_事業報告書";"nedo_ Business Report";"1"
"IPA_随意契約見直し計画";"ipa_ negotiated contract review plan";"2"
"経済センサス-活動調査";"Economic census for business activity";"5"
"電気保安統計";"Electrical safety statistics";"5"
"JOGMEC_アニュアルレポート";"jogmec_ report";"3"
"NEXI_温室効果ガス排出抑制時等に関する取り組み";"nexi_ greenhouse gas emissions control during and related initiatives";"3"
"IPA_日本OSS貢献者賞・日本OSS奨励賞の受賞者";"ipa_ Japanese oss contributor award・Japanese oss encouragement award winner";"25"
"IPA_10大脅威";"ipa_10 major security threats";"1"
"JETRO_アジア経済研究所年報";"jetro_ Asia, Institute of Economic Research Annual Report";"1"
"IPA_コンピュータウイルスの届出状況";"ipa_ computer virus, the notification status";"1"
"大店立地法届出の件数表";"Large store location law notifications of the number of table";"2"
"地域間産業連関表";"Interregional table";"2"
"地域経済産業調査";"Regional economic and industrial survey";"3"
"AIST_年報";"aist_ Annual Report";"1"
"世界の石油化学製品の今後の需給動向";"world's petrochemical products, the future supply and demand trends";"1"
"商工業実態基本統計";"Commercial and industrial real state basic statistics";"5"
"JOGMEC_環境報告書";"jogmec_ environmental report";"3"
"特許出願動向調査－マクロ調査－";"Patent application trends survey－macro survey";"2"
"島根県松江市_松江市統計データベース";"Matsue city, Shimane Prefecture _ Matsue city statistics database";"4"
"IPA_未踏IT人材発掘・育成事業　公募結果";"ipa_ on it human resources project recruitment results";"5"
"テストグループ";"Test group";"0"
"JOGMEC_契約・支出等に関する情報";"jogmec_ contract・expenditure related to information";"3"
"本邦鉱業のすう勢調査";"Japan mining industry in the census";"2"
"NEDO_組織に関する情報";"nedo_ organization Information";"2"
"海外現地法人四半期調査";"Quarterly survey of overseas subsidiaries";"7"
"石油備蓄の現況";"Oil storage situation";"2"
"生コンクリート流通統計調査";"Concrete distribution statistics";"4"
"フロン類破壊量";"CFC quantity";"1"
"模倣品被害の実態";"Counterfeit goods damage the actual";"1"
"エチレンセンター11社の収益状況";"Great 11 company income situation";"1"
"特定サービス産業動態統計調査";"Specific service industry dynamic statistics";"3"
"JETRO_知的財産保護";"jetro_ protection of intellectual property";"33"
"ガス事業生産動態統計調査";"Gas industry, production movement statistics survey";"2"
"AIST_研究報告・データベース（防災減災）";"aist_ research report・database (disaster mitigation), and";"2"
"IPA_環境配慮契約の締結実績";"ipa_ environmental considerations into contract performance";"2"
"JOGMEC_事業報告書";"jogmec_ Business Report";"3"
"IPA_情報セキュリティ事象被害状況調査報告書";"ipa_ information security events and damage status report";"4"
"NITE_適合性認定事業者の一覧";"nite_ conformity certified operators list";"14"
"NEXI_事業報告書";"nexi_ Business Report";"1"
"IPA_中期目標期間事業報告書";"ipa_ medium-term target period Business Report";"5"
"IPA_JISEC評価機関リスト";"ipa_jisec evaluation agencies list";"0"
"我が国の主要芳香族製品生産能力調査";"In Japan, the main aromatic products production capacity survey";"1"
"LPガス備蓄の現況";"lp gas storage status of the";"6"
"家庭電気製品の量販店月次販売統計調査";"Home electrical products volume sales stores, monthly sales statistics";"5"
"JETRO_国・地域別情報（J-FILE)";"jetro_ country / region・based information (j-file)";"2"
"鉄鋼生産内訳月報";"Iron and steel production breakdown (monthly report";"7"
"IPA_情報セキュリティの脅威に対する意識調査";"ipa_ information security threat awareness survey";"2"
"石油化学製品需要見通し";"Petrochemical product demand Outlook";"1"
"鉱山保安統計";"Mining Safety statistics";"4"
"INPIT_調達・支出等に関する情報";"inpit_ procurement・expenditure related to information";"1"
"JETRO_事業報告書";"jetro_ Business Report";"5"
"IPA_IT人材市場動向予備調査";"ipa_it human resources market trends preliminary survey";"6"
"NEXI_中期目標期間報告書";"nexi_ medium-term target period report";"1"
"INPIT_情報提供（関連法人への補助・取引等及び再就職の状況等）";"inpit_ provision of information (related to the auxiliary・transactions and re-employment situation, etc.)";"1"
"INPIT_知財人材の育成";"inpit_ intellectual property, human resources";"1"
"四大樹脂需要実績";"Four major resin demand results";"1"
"機能性化学品動向調査";"Functional chemicals trends survey";"1"
"灯油及びプロパンガス消費実態調査";"Kerosene and propane gas consumption survey";"6"
"NEXI_財務に関する情報";"nexi_ financial information";"2"
"IPA_未踏スーパークリエータ認定者結果";"ipa_ on Super Creator certified results";"5"
"外資系企業動向調査";"Foreign-affiliated firms survey";"2"
"IPA_中小ITベンダー人材育成優秀賞受賞企業一覧";"ipa_ small and medium it vendors human resource development award enterprises list";"5"
"SMRJ_ビジネス・インキュベータ一覧";"smrj_ business・incubator list";"2"
"鉄鋼需給動態統計調査";"Iron and steel demand and supply current survey";"5"
"経済産業省の事業にかかる行政事業レビューシート";"Economy, Trade and Industry, Ministry of business from administrative operations review sheet";"2"
"行政事業レビュー公開プロセス";"Administrative Business Review publication process";"2"
"SMRJ_契約情報の公表";"smrj_ contract information";"1"
"IPA_独立行政法人情報処理推進機構の契約に係る情報の公表";"ipa_ Information-Technology Promotion Agency and contract-related information to the public";"2"
"エチレン用輸入ナフサ通関実績";"Ethylene for import of naphtha through on results";"1"
"都道府県別エネルギー消費統計調査";"Prefecture energy consumption statistics";"3"
"砕石等動態統計調査";"Crushed stone and other statistical survey";"4"
"監視化学物質の製造・輸入数量（平成21年度以前）";"Monitoring chemical substances that are manufactured or imported in quantities of (21 years ago)";"1"
"経済産業省企業金融調査（旧：経済産業省設備投資調査）";"Economy, Trade and Industry, Ministry of corporate financial survey (formerly: economic and Industry capital investment survey)";"2"
"商品先物取引に関する実態調査";"Commodity Futures investigation";"1"
"第2種フロン類回収量";"2 types of fluorocarbons recovered amount of";"1"
"消費者相談統計資料";"Consumer consultation statistics";"2"
"NITE_ILAC/APLACの署名認定機関情報";"nite_ilac/aplac signature accreditation information";"3"
"IPA_公益法人に対する支出の点検・見直しについて";"ipa_ public Corporation for payments of inspection and review.";"2"
"公共調達の募集情報・募集結果";"Public procurement of recruitment information, recruitment results";"8"
"各年度の予算、決算";"Each fiscal year a budget and financial statement";"9"
"経済産業省バイオ関連予算";"Economy, Trade and Industry biotechnology-related budget";"7"
"フロン等に係る地球温暖化防止・オゾン層保護対策の推進に関する予算措置";"Such as related to global warming prevention and ozone layer protection measures concerning the promotion of budget measures";"7"
"情報政策関連予算";"Information policy and related budget";"13"
"宇宙関連事業予算";"Space-related business budget";"7"
"NITE_財務諸表等";"nite_ financial statements, etc.";"2"
"特許出願技術動向調査等報告";"Patent application technology trends survey report";"2"
"鉱工業出荷内訳表、鉱工業総供給表";"Of industrial domestic shipments, industrial, total supply table";"1"
"SMRJ_Japan Venture Awards受賞者一覧";"smrj_japan venture awards winners list";"1"
"平成26年度　経済産業省委託調査報告書";"Heisei 26 fiscal year, METI-commissioned report";"846"
"その他";"Other";"7"
"AIST_研究報告・データベース（地質情報）";"aist_, research reports, data base (geological information)";"29"
"重点8分野の特許出願状況";"Priority 8 field of the patent situation";"12"
"石油設備調査";"Petroleum equipment survey";"3"
"IPA_IT人材白書";"ipa_it human resources white paper";"6"
"IPA_行政支出見直し計画に基づく公表事項";"ipa_ government expenditure review plan for public notice based on the";"2"
"IPA_地域ソフトウェアセンター一覧";"ipa_ regional Software Center list";"6"
"知的財産活動調査";"Intellectual property activity survey";"0"
"我が国の産業技術に関する研究開発活動の動向 －主要指標と調査データ－";"Japan's industrial technology R & D activities －principal indicators and survey data－";"0"
"中小企業実態基本調査";"Small and medium enterprises basic survey";"0"
"法人に関するコードの情報（調査・報告等）";"Corporation related to the code information (surveys, reports, etc.)";"8"
"地域に関するコード";"Region code";"1"
"JOGMEC_News";"jogmec_news";"3"
"ガス事業生産動態統計調査（簡易ガス）";"Gas industry, production movement statistics survey (simple gas)";"2"
"家電リサイクル法の施行状況";"Home appliance recycling law implementation status";"1"
"SMRJ_小規模企業共済における資産運用の状況・評価";"smrj_ small-scale enterprise mutual aid in asset management, the status of the evaluation";"1"
"PRTRデータ（化学物質の排出量・移動量の集計結果）";"prtr data (volume of chemical substance emissions and transfer amount of the aggregate results)";"1"
"消費者向け電子商取引実態調査";"Consumer e-Commerce survey";"2"
"IPA_情報関連人材育成事業を行う新事業支援機関の一覧";"ipa_ information related to human resource operations and new business support Agency list";"5"
"監視化学物質の製造・輸入数量（平成22年度以降）";"Monitoring chemical substances that are manufactured or imported in quantities of (Heisei 22 fiscal year or later)";"1"
"NEDO_関連法人との間の補助・取引等の状況";"nedo_ related corporations between the auxiliary and transaction status";"1"
"石油等消費構造統計";"Oil consumption structure statistics";"2"
"IPA_財務情報";"ipa_ financial information";"1"
"NEDO_情報公開（業務効率化・支出見直し計画、環境配慮に向けた取り組み等）";"nedo_ disclosure of information (administrative efficiency and spending review plans, environmental initiatives, etc.)";"2"
"JETRO_業務実績報告書";"jetro_ business performance report";"5"
"NEDO_公募・調達情報";"nedo_ public・procurement information";"3"
"JETRO_財務に関する情報";"jetro_ financial information";"4"
"JOGMEC_財務に関する情報";"jogmec_ financial information";"3"
"経済産業省特定業種石油等消費統計調査";"Economic and industry specific industries such as petroleum consumption statistics";"7"
"NEDO_補助・助成事業の手続き";"nedo_ subsidies and grant procedures";"1"
"NEXI_貿易保険事業収支の推移";"nexi_ trade insurance business: revenue and expenditure trends";"1"
"IPA_脆弱性関連情報";"ipa_ vulnerability-related information";"1"
"NEXI_調達・支出に関する情報";"nexi_ procurement・expenditure related to information";"3"
"IPA_関連法人との間の補助・取引等の状況";"ipa_-related corporations between the auxiliary and transaction status";"2"
"全産業活動指数、全産業供給指数";"All industry activity index, all-industry supply index";"1"
"IPA_環境物品等の調達の推進を図るための方針・調達実績";"ipa_ green procurement for policy and procurement performance";"2"
"IPA_主なワクチンベンダー一覧";"ipa_ major vaccine vendor list";"2"
"経済産業省年報";"Economy, Trade and Industry Ministry of Education Annual Report";"1"
"IPA_役職員の報酬・給与等";"ipa_ officers and employees compensation, salaries, etc.";"0"
"エチレン生産速報";"Ethylene production speed";"1"
"東日本大震災における経済産業省の対応と関連情報";"great East Japan earthquake, the economy, trade and Industry Ministry of Education, correspondence and related information";"16"
"技術振興課の施策";"Technology promotion measures";"0"
"医療機器開発ガイドライン策定事業";"Medical equipment, development of guidelines and business";"0"
"医療機器開発ガイドライン策定事業";"Medical equipment, development of guidelines and business";"0"
"次世代ヘルスケア産業協議会";"Next-generation healthcare industry Council";"0"
"経済産業省の経済協力";"Economy, Trade and Industry, Ministry of Economic Cooperation";"0"
"医療機器・サービス国際化推進事業";"Medical equipment and services for internationalization of business";"0"
"液化石油ガス保安対策指針";"Liquefied petroleum gas safety measures and guidelines";"1"
"特許出願動向調査－マクロ調査－";"Patent application trends survey－macro survey";"0"
"特許行政年次報告書";"Patent administration Annual Report";"0"
"オープンデータに関する成果報告書";"use of open data to report";"4"
"平成21年度、22年度地方都市ガス事業天然ガス化促進対策調査,都市ガス安全情報広報事業,防災支援情報の整備,事業報告書";"Heisei 21 fiscal year, and 22 year local city Gas Business natural gas measures to promote the survey,city gas safety information and public relations business,disaster assistance information,Business";"2"
"地理空間情報の活用推進に関する研究会の配付資料や実施事業の報告書等";"Geospatial information, promote the use of the study material and implementation of business reports, etc.";"2"
"地理空間情報関連事業調査報告書";"Geospatial information-related business survey report";"8"
"経済産業省の予算支出状況";"Economy, Trade and Industry Ministry of budget expenditure status";"8"
"経済産業省の補助金・委託費の契約状況";"METI subsidies and consignment expenses, contract status";"6"
"経済産業省の補助金等の交付決定に関する情報";"METI's subsidy determination information";"6"
"経済産業省の公益法人に対する支出の公表・見直し";"Economy, Trade and Industry, Ministry of the public Corporation for payments of public review";"1"
"経済産業省のタクシー代に関する支出状況";"Economy, Trade and Industry Ministry of the taxi-related expenditure status";"1"
"経済産業省が締結する「競争性のない随意契約」の一覧";"METI concluded that"competitive noncompetitive no-bid contracts"to the list";"4"
"中小企業実態基本調査";"Small and medium enterprises basic survey";"0"
"電力調査統計";"Electric power statistics";"2"
"エネルギー消費統計";"Energy consumption statistics";"2"
"海外事業活動基本調査";"Overseas business activity basic survey";"5"
"経済産業省企業活動基本調査";"Economy, Trade and Industry Ministry of Education, survey of business activities";"5"
"工業統計調査";"Industry statistics and surveys";"3"
"工業立地動向調査";"Industrial location trend surveys";"0"
"経済産業省生産動態統計調査";"Economy, Trade and industry, production movement statistics survey";"5"
"規模別製造工業生産指数";"Scale Manufacturing Industrial Production index";"0"
"商業動態統計調査";"Commerce statistical survey";"8"
"商業統計調査";"Census of Commerce";"2"
"総合エネルギー統計";"General energy statistics";"3"
"知的財産活動調査";"Intellectual property activity survey";"6"
"特許行政年次報告書";"Patent administration Annual Report";"6"
"特定サービス産業実態調査";"Selected service industries survey";"2"
"経済産業省生産動態統計調査";"Economy, Trade and industry, production movement statistics survey";"0"
"中小企業白書";"Small and medium enterprises white paper";"5"
"エネルギー白書";"Energy white paper";"1"
"ものづくり白書";"Manufacturing white paper";"7"
"通商白書";"Trade white paper";"4"
"Haitelmex Foundation ";"Haitelmex Foundation ";"0"
"International HIV/AIDS Alliance";"International HIV/AIDS Alliance";"0"
"ActionAid International";"ActionAid International";"0"
"Stichting ActionAId";"Stichting ActionAId";"0"
"Aasaman Nepal";"Aasaman Nepal";"0"
"ActionAid UK";"ActionAid UK";"0"
"Abaseen Foundation UK";"Abaseen Foundation UK";"0"
"AbleChildAfrica";"AbleChildAfrica";"0"
"Abt Associates Inc";"Abt Associates Inc";"0"
"Afghanistan and Central Asian Association";"Afghanistan and Central Asian Association";"0"
"Action Against Hunger";"Action Against Hunger";"0"
"African Centre for Global Health and Social Transformation";"African Centre for Global Health and Social Transformation";"0"
"ACODEV";"ACODEV";"0"
"Agency for Cooperation and Research in Development (ACORD)";"Agency for Cooperation and Research in Development (ACORD)";"0"
"Across";"Across";"0"
"act4africa";"act4africa";"0"
"ACTED";"ACTED";"0"
"ADD International";"ADD International";"0"
"Ajuda de Desenvolvimento de Povo para Povo (ADPP)";"Ajuda de Desenvolvimento de Povo para Povo (ADPP)";"0"
"ADRA Slovakia";"ADRA Slovakia";"0"
"ADRA-UK";"ADRA-UK";"0"
"Africa Educational Trust";"Africa Educational Trust";"0"
"Adaptation Fund";"Adaptation Fund";"0"
"Agence Française de Développement";"Agence Française de Développement";"0"
"African Development Bank";"African Development Bank";"0"
"Afghanaid";"Afghanaid";"0"
"Stichting Child Savings International";"Stichting Child Savings International";"0"
"AfriKids";"AfriKids";"0"
"HelpAge International UK";"HelpAge International UK";"0"
"Agriterra";"Agriterra";"0"
"African Initiatives";"African Initiatives";"0"
"Harakat - Afghanistan Investment Climate Facility Organization ";"Harakat - Afghanistan Investment Climate Facility Organization ";"0"
"AidData";"AidData";"0"
"Aga Khan Foundation (United Kingdom)";"Aga Khan Foundation (United Kingdom)";"0"
"Aktis Strategy Ltd";"Aktis Strategy Ltd";"0"
"Akvo Foundation";"Akvo Foundation";"0"
"Alcis Holdings Limited";"Alcis Holdings Limited";"0"
"Alfalit";"Alfalit";"0"
"All We Can (formerly Methodist Relief and Development Fund) ";"All We Can (formerly Methodist Relief and Development Fund) ";"0"
"Amref Health Africa - UK";"Amref Health Africa - UK";"0"
"Amref Flying Doctors";"Amref Flying Doctors";"0"
"ANDA";"ANDA";"0"
"APT Action on Poverty";"APT Action on Poverty";"0"
"Aqua for All";"Aqua for All";"0"
"Association for Reproductive and Family Health ";"Association for Reproductive and Family Health ";"0"
"ARK (Absolute Return for Kids)";"ARK (Absolute Return for Kids)";"0"
"Article19";"Article19";"0"
"Asian Development Bank";"Asian Development Bank";"0"
"Avocats Sans Frontières";"Avocats Sans Frontières";"0"
"Adam Smith International";"Adam Smith International";"0"
"Anti-Slavery International";"Anti-Slavery International";"0"
"Atos IT Services Ltd";"Atos IT Services Ltd";"0"
"Australia - Department of  Foreign Affairs and Trade";"Australia - Department of  Foreign Affairs and Trade";"0"
"Avanti Communications Plc";"Avanti Communications Plc";"0"
"AWEPA";"AWEPA";"0"
"Association for Women's Rights in Development (AWID)";"Association for Women's Rights in Development (AWID)";"0"
"Backward Society Education (BASE)";"Backward Society Education (BASE)";"0"
"BasicNeeds";"BasicNeeds";"0"
"Bees Abroad UK";"Bees Abroad UK";"0"
"BBC Media Action";"BBC Media Action";"0"
"Belgian Development Cooperation";"Belgian Development Cooperation";"0"
"Beehive";"Beehive";"0"
"Bees for Development Trust";"Bees for Development Trust";"0"
"SAVE LIFE ON EARTH FOUNDATION (GLOBAL UNIVERSAL INTERNATIONAL) NGO NPO VSO";"SAVE LIFE ON EARTH FOUNDATION (GLOBAL UNIVERSAL INTERNATIONAL) NGO NPO VSO";"0"
"Bioclimate Research and Development";"Bioclimate Research and Development";"0"
"Blue Ventures Conservation";"Blue Ventures Conservation";"0"
"BMB Mott MacDonald";"BMB Mott MacDonald";"0"
"Bill & Melinda Gates Foundation";"Bill & Melinda Gates Foundation";"0"
"Germany - Ministry for Economic Cooperation and Development";"Germany - Ministry for Economic Cooperation and Development";"0"
"Bond";"Bond";"0"
"Both ENDS";"Both ENDS";"0"
"BRAC International";"BRAC International";"0"
"BRAC UK";"BRAC UK";"0"
"British Council";"British Council";"0"
"Build Africa";"Build Africa";"0"
"Catholic Agency For Overseas Development";"Catholic Agency For Overseas Development";"0"
"Christian Aid";"Christian Aid";"0"
"Crown Agents Limited";"Crown Agents Limited";"0"
"Camfed International";"Camfed International";"0"
"Canon Collins Trust";"Canon Collins Trust";"0"
"Capall BV";"Capall BV";"0"
"Cardno Emerging Markets (UK) LTD";"Cardno Emerging Markets (UK) LTD";"0"
"The Convention on Business Integrity";"The Convention on Business Integrity";"0"
"Clean Clothes Campaign";"Clean Clothes Campaign";"0"
"CDA Collaborative Learning Projects";"CDA Collaborative Learning Projects";"0"
"CDC Group plc";"CDC Group plc";"0"
"Cecily's Fund";"Cecily's Fund";"0"
"Christian Engineers in Development";"Christian Engineers in Development";"0"
"United Nations Central Emergency Response Fund (CERF)";"United Nations Central Emergency Response Fund (CERF)";"0"
"CFBT";"CFBT";"0"
"CHOICE for Youth and Sexuality";"CHOICE for Youth and Sexuality";"0"
"ChildFund International";"ChildFund International";"0"
"ChildHope UK ";"ChildHope UK ";"0"
"Children in Crisis";"Children in Crisis";"0"
"Climate Investment Funds";"Climate Investment Funds";"0"
"CIFAL Scotland ";"CIFAL Scotland ";"0"
"Centre for Indian Knowledge Systems";"Centre for Indian Knowledge Systems";"0"
"Center for International Legal Cooperation (CILC)";"Center for International Legal Cooperation (CILC)";"0"
"CARE International UK";"CARE International UK";"0"
"CODA International";"CODA International";"0"
"Coffey International Development";"Coffey International Development";"0"
"Concern Worldwide UK";"Concern Worldwide UK";"0"
"Fondazione COOPI - Cooperazione Internazionale";"Fondazione COOPI - Cooperazione Internazionale";"0"
"Cord";"Cord";"0"
"Cordaid";"Cordaid";"0"
"Charity Projects Ltd (Comic Relief)";"Charity Projects Ltd (Comic Relief)";"0"
"Conciliation Resources";"Conciliation Resources";"0"
"CRANE";"CRANE";"0"
"CREA USA";"CREA USA";"0"
"Catholic Relief Services";"Catholic Relief Services";"0"
"Cheshire Services Uganda";"Cheshire Services Uganda";"0"
"Child-to-Child ";"Child-to-Child ";"0"
"Concern Universal ";"Concern Universal ";"0"
"CUAMM Trustees";"CUAMM Trustees";"0"
"Carers Worldwide";"Carers Worldwide";"0"
"Cyan International";"Cyan International";"0"
"DAI Europe";"DAI Europe";"0"
"Dhaka Ahsania Mission UK";"Dhaka Ahsania Mission UK";"0"
"dance4life";"dance4life";"0"
"Denmark - Danida - Danish Ministry of Foreigh Affairs";"Denmark - Danida - Danish Ministry of Foreigh Affairs";"0"
"Development Aid from People to People (DAPP) Malawi";"Development Aid from People to People (DAPP) Malawi";"0"
"Digital Campus";"Digital Campus";"0"
"Disability and Development Partners";"Disability and Development Partners";"0"
"UK - Department of Energy and Climate Change";"UK - Department of Energy and Climate Change";"0"
"DECP";"DECP";"0"
"UK - Department for Environment, Food and Rural Affairs";"UK - Department for Environment, Food and Rural Affairs";"0"
"UK - Department for International Development (DFID)";"UK - Department for International Development (DFID)";"0"
"Stichting fondsbeheer DGGF lokaal MKB";"Stichting fondsbeheer DGGF lokaal MKB";"0"
"Developments In Literacy Trust UK";"Developments In Literacy Trust UK";"0"
"Development Initiatives Poverty Research";"Development Initiatives Poverty Research";"0"
"Discovery Learning Alliance, Inc.";"Discovery Learning Alliance, Inc.";"0"
"Dóchas - Irish Association of Non Governmental Development Organisations";"Dóchas - Irish Association of Non Governmental Development Organisations";"0"
"UK - Department of Health";"UK - Department of Health";"0"
"Stichting Dorcas Aid International";"Stichting Dorcas Aid International";"0"
"Doctors of the World / Medecins du Monde";"Doctors of the World / Medecins du Monde";"0"
"Doctors of the World UK";"Doctors of the World UK";"0"
"Disability Rights Fund";"Disability Rights Fund";"0"
"Desmond Tutu HIV Foundation";"Desmond Tutu HIV Foundation";"0"
"UK - Department for Work and Pensions";"UK - Department for Work and Pensions";"0"
"European Bank for Reconstruction and Development";"European Bank for Reconstruction and Development";"0"
"European Commission - Development and Cooperation-EuropeAid";"European Commission - Development and Cooperation-EuropeAid";"0"
"European Commission - Humanitarian Aid & Civil Protection";"European Commission - Humanitarian Aid & Civil Protection";"0"
"European Commission - Service for Foreign Policy Instruments";"European Commission - Service for Foreign Policy Instruments";"0"
"European Commission - Neighbourhood and Enlargement Negotiations";"European Commission - Neighbourhood and Enlargement Negotiations";"0"
"ECDPM";"ECDPM";"0"
"Eco-fuel Africa Limited";"Eco-fuel Africa Limited";"0"
"Exeter Ethiopia Link";"Exeter Ethiopia Link";"0"
"European Investment Bank";"European Investment Bank";"0"
"Emmanuel International UK";"Emmanuel International UK";"0"
"EMMS International";"EMMS International";"0"
"Ethical Trading Initiative";"Ethical Trading Initiative";"0"
"EveryChild";"EveryChild";"0"
"Engineers Without Borders Canada";"Engineers Without Borders Canada";"0"
"Excellent Development";"Excellent Development";"0"
"Farm Africa";"Farm Africa";"0"
"Family Aids Caring Trust";"Family Aids Caring Trust";"0"
"Fairfood International";"Fairfood International";"0"
"Fairtrade Labelling Organizations International e.V.";"Fairtrade Labelling Organizations International e.V.";"0"
"Fondo Centroamericano de Mujeres";"Fondo Centroamericano de Mujeres";"0"
"UK - Foreign & Commonwealth Office";"UK - Foreign & Commonwealth Office";"0"
"Freedom Forum";"Freedom Forum";"0"
"Fauna & Flora International";"Fauna & Flora International";"0"
"Food for the Hungry UK";"Food for the Hungry UK";"0"
"Canada Department of Finance / Ministère des Finances Canada";"Canada Department of Finance / Ministère des Finances Canada";"0"
"Finland - Ministry of Foreign Affairs";"Finland - Ministry of Foreign Affairs";"0"
"Forests Monitor";"Forests Monitor";"0"
"Chirezi Foundation";"Chirezi Foundation";"0"
"Friends of the Earth-Ghana";"Friends of the Earth-Ghana";"0"
"Friends of the Earth England, Wales and Northern Ireland";"Friends of the Earth England, Wales and Northern Ireland";"0"
"Friends of the Earth International";"Friends of the Earth International";"0"
"The Foundation Center";"The Foundation Center";"0"
"France - Ministry of Foreign Affairs and International Development";"France - Ministry of Foreign Affairs and International Development";"0"
"FRANK Water";"FRANK Water";"0"
"Free a Girl";"Free a Girl";"0"
"Farm Radio International";"Farm Radio International";"0"
"Feed the Minds";"Feed the Minds";"0"
"Find Your Feet";"Find Your Feet";"0"
"Canada - Global Affairs Canada | Affaires mondiales Canada";"Canada - Global Affairs Canada | Affaires mondiales Canada";"0"
"The Global Alliance for Improved Nutrition";"The Global Alliance for Improved Nutrition";"0"
"Global Action Nepal";"Global Action Nepal";"0"
"GAVI Alliance";"GAVI Alliance";"0"
"British Red Cross";"British Red Cross";"0"
"Global Climate Adaptation Partnership";"Global Climate Adaptation Partnership";"0"
"Girls’ Education Challenge – Fund Manager PwC";"Girls’ Education Challenge – Fund Manager PwC";"0"
"Gender Links";"Gender Links";"0"
"GlobalGiving.org";"GlobalGiving.org";"0"
"Global Integrity";"Global Integrity";"0"
"GOAL";"GOAL";"0"
"Global Partnership for Education";"Global Partnership for Education";"0"
"GPPAC Foundation";"GPPAC Foundation";"0"
"Grow Movement";"Grow Movement";"0"
"Hagar International UK";"Hagar International UK";"0"
"Stichting Health Action International";"Stichting Health Action International";"0"
"The HALO Trust";"The HALO Trust";"0"
"Hand in Hand International";"Hand in Hand International";"0"
"Hospice Africa Ltd";"Hospice Africa Ltd";"0"
"Healthy Entrepreneurs";"Healthy Entrepreneurs";"0"
"Heifer";"Heifer";"0"
"HelpAge International";"HelpAge International";"0"
"The William and Flora Hewlett Foundation";"The William and Flora Hewlett Foundation";"0"
"Habitat for Humanity Great Britain";"Habitat for Humanity Great Britain";"0"
"Haiti Hospital Appeal";"Haiti Hospital Appeal";"0"
"Hope and Homes for Children";"Hope and Homes for Children";"0"
"Homeless International";"Homeless International";"0"
"Handicap International";"Handicap International";"0"
"UK - Home Office";"UK - Home Office";"0"
"HealthProm";"HealthProm";"0"
"Health Poverty Action";"Health Poverty Action";"0"
"Heifer International South Africa";"Heifer International South Africa";"0"
"HTSPE";"HTSPE";"0"
"Stichting Humana";"Stichting Humana";"0"
"Hilfswerk Austria Zimbabwe";"Hilfswerk Austria Zimbabwe";"0"
"InterAction's NGO Aid Map";"InterAction's NGO Aid Map";"0"
"Inter-American Development Bank";"Inter-American Development Bank";"0"
"Oxfam IBIS";"Oxfam IBIS";"0"
"ICA:UK";"ICA:UK";"0"
"ICCO Cooperation";"ICCO Cooperation";"0"
"InterClimate Network";"InterClimate Network";"0"
"ICS";"ICS";"0"
"Canada - International Development Research Centre/Centre de recherches pour le développement international";"Canada - International Development Research Centre/Centre de recherches pour le développement international";"0"
"Institute of Development Studies";"Institute of Development Studies";"0"
"Internews Europe ";"Internews Europe ";"0"
"International Fund for Agricultural Development";"International Fund for Agricultural Development";"0"
"International Fertilizer Development Center";"International Fertilizer Development Center";"0"
"International Growth Centre";"International Growth Centre";"0"
"International Law & Policy Institute (ILPI)";"International Law & Policy Institute (ILPI)";"0"
"International Medical Corps UK";"International Medical Corps UK";"0"
"Indigo Trust";"Indigo Trust";"0"
"Integrity Action";"Integrity Action";"0"
"InterAction";"InterAction";"0"
"interburns";"interburns";"0"
"International Alert";"International Alert";"0"
"International Refugee Trust";"International Refugee Trust";"0"
"IOD PARC";"IOD PARC";"0"
"iPartner India";"iPartner India";"0"
"International Procurement Agency";"International Procurement Agency";"0"
"i+solutions";"i+solutions";"0"
"International Planned Parenthood Federation";"International Planned Parenthood Federation";"0"
"IRC";"IRC";"0"
"International Rescue Committee UK";"International Rescue Committee UK";"0"
"Ireland - Department of Foreign Affairs and Trade";"Ireland - Department of Foreign Affairs and Trade";"0"
"Islamic Relief Worldwide";"Islamic Relief Worldwide";"0"
"Itad";"Itad";"0"
"Interact Worldwide";"Interact Worldwide";"0"
"Interfaith Youth Partnership";"Interfaith Youth Partnership";"0"
"Just Associates";"Just Associates";"0"
"Jeevika Trust";"Jeevika Trust";"0"
"Japan - Japan International Cooperation Agency (JICA)";"Japan - Japan International Cooperation Agency (JICA)";"0"
"Kadaster International";"Kadaster International";"0"
"Karuna Trust";"Karuna Trust";"0"
"I Choose Life Africa";"I Choose Life Africa";"0"
"Adventist Development and Relief Agency (ADRA Somalia)";"Adventist Development and Relief Agency (ADRA Somalia)";"0"
"Kepa ry";"Kepa ry";"0"
"Friends of Kipkelion";"Friends of Kipkelion";"0"
"KPMG East Africa";"KPMG East Africa";"0"
"KPMG LLP";"KPMG LLP";"0"
"Kenya Red Cross Society";"Kenya Red Cross Society";"0"
"KwaAfrica";"KwaAfrica";"0"
"Leonard Cheshire Disability";"Leonard Cheshire Disability";"0"
"Link Community Development International";"Link Community Development International";"0"
"Link Community Development Scotland";"Link Community Development Scotland";"0"
"LEAD International";"LEAD International";"0"
"Learning for Life";"Learning for Life";"0"
"Legislativa";"Legislativa";"0"
"Lepra";"Lepra";"0"
"LIGHT FOR THE WORLD The Netherlands";"LIGHT FOR THE WORLD The Netherlands";"0"
"LAMB Health Care Foundation";"LAMB Health Care Foundation";"0"
"Libertic";"Libertic";"0"
"Lithuania, Ministry of Foreign Affairs";"Lithuania, Ministry of Foreign Affairs";"0"
"Lively Minds";"Lively Minds";"0"
"Living Earth Foundation";"Living Earth Foundation";"0"
"Liverpool School of Tropical Medicine";"Liverpool School of Tropical Medicine";"0"
"mothers2mothers";"mothers2mothers";"0"
"Spain - Ministry of Foreign Affairs and Cooperation";"Spain - Ministry of Foreign Affairs and Cooperation";"0"
"MAG";"MAG";"0"
"Magariro";"Magariro";"0"
"Malaria Consortium";"Malaria Consortium";"0"
"Mama Cash";"Mama Cash";"0"
"MAMTA - Health Institute for Mother and Child";"MAMTA - Health Institute for Mother and Child";"0"
"Manx Times";"Manx Times";"0"
"MapAction";"MapAction";"0"
"Mercy Corps Europe";"Mercy Corps Europe";"0"
"McKinsey & Company";"McKinsey & Company";"0"
"Medisch Comite Nederland Vietnam";"Medisch Comite Nederland Vietnam";"0"
"New Zealand - Ministry of Foreign Affairs and Trade - New Zealand Aid Programme";"New Zealand - Ministry of Foreign Affairs and Trade - New Zealand Aid Programme";"0"
"GEMS Education Solutions";"GEMS Education Solutions";"0"
"Micro Insurance Academy";"Micro Insurance Academy";"0"
"MICAIA";"MICAIA";"0"
"MADE in Europe";"MADE in Europe";"0"
"Mifumi UK";"Mifumi UK";"0"
"Millennium Challenge Corporation";"Millennium Challenge Corporation";"0"
"Netherlands - Ministry of Foreign Affairs";"Netherlands - Ministry of Foreign Affairs";"0"
"MicroLoan Foundation";"MicroLoan Foundation";"0"
"Mott MacDonald Limited";"Mott MacDonald Limited";"0"
"Montrose International LLP";"Montrose International LLP";"0"
"Motivation";"Motivation";"0"
"UK - Medical Research Council";"UK - Medical Research Council";"0"
"Medical Research Centre (MRC), Sierra Leone";"Medical Research Centre (MRC), Sierra Leone";"0"
"Marie Stopes International";"Marie Stopes International";"0"
"Maxwell Stamp PLC";"Maxwell Stamp PLC";"0"
"Muslim Aid";"Muslim Aid";"0"
"Nathan Associates London Ltd. ";"Nathan Associates London Ltd. ";"0"
"NCDO";"NCDO";"0"
"Network for Africa";"Network for Africa";"0"
"NGO Federation of Nepal";"NGO Federation of Nepal";"0"
"Network of International Development Organisations in Scotland";"Network of International Development Organisations in Scotland";"0"
"Netherlands Institute for Multiparty Democracy";"Netherlands Institute for Multiparty Democracy";"0"
"Nordic International Support Foundation – NIS";"Nordic International Support Foundation – NIS";"0"
"NepalKoGaun";"NepalKoGaun";"0"
"Aids Fonds - STOP AIDS NOW! - Soa Aids Nederland";"Aids Fonds - STOP AIDS NOW! - Soa Aids Nederland";"0"
"Plan Nederland";"Plan Nederland";"0"
"Norad - Norwegian Agency for Development Cooperation";"Norad - Norwegian Agency for Development Cooperation";"0"
"Norwegian Refugee Council";"Norwegian Refugee Council";"0"
"Natural Resource Governance Institute";"Natural Resource Governance Institute";"0"
"Natural Resources Institute, University of Greenwich.";"Natural Resources Institute, University of Greenwich.";"0"
"OCHA Financial Tracking Service";"OCHA Financial Tracking Service";"0"
"The OPEC Fund for International Development (OFID)";"The OPEC Fund for International Development (OFID)";"0"
"One to One Children's Fund";"One to One Children's Fund";"0"
"ONG VDRPEFANB";"ONG VDRPEFANB";"0"
"Oxfam Novib";"Oxfam Novib";"0"
"The Open University";"The Open University";"0"
"Open for Change";"Open for Change";"0"
"Oxford Policy Management";"Oxford Policy Management";"0"
"Opportunity International UK";"Opportunity International UK";"0"
"Options Consultancy Services";"Options Consultancy Services";"0"
"Orbis Charitable Trust";"Orbis Charitable Trust";"0"
"Oxfam GB";"Oxfam GB";"0"
"Oxfam India";"Oxfam India";"0"
"Practical Action";"Practical Action";"0"
"Pact ";"Pact ";"0"
"Palladium International Ltd (UK)";"Palladium International Ltd (UK)";"0"
"partos";"partos";"0"
"Pax";"Pax";"0"
"Peace Direct";"Peace Direct";"0"
"PEAS (Promoting Equality in African Schools)";"PEAS (Promoting Equality in African Schools)";"0"
"People In Aid";"People In Aid";"0"
"PHASE Nepal";"PHASE Nepal";"0"
"PHASE Worldwide";"PHASE Worldwide";"0"
"Project Harar";"Project Harar";"0"
"Private Infrastructure Development Group";"Private Infrastructure Development Group";"0"
"Plan Ireland Charitable Assistance Limited";"Plan Ireland Charitable Assistance Limited";"0"
"Plan International UK (DfID projects)";"Plan International UK (DfID projects)";"0"
"Plan International USA";"Plan International USA";"0"
"Plan International Finland";"Plan International Finland";"0"
"PONT";"PONT";"0"
"Pontis Foundation";"Pontis Foundation";"0"
"Power International";"Power International";"0"
"Pragya India";"Pragya India";"0"
"Protecting Families Against HIV/AIDS";"Protecting Families Against HIV/AIDS";"0"
"Penal Reform International";"Penal Reform International";"0"
"Progressio";"Progressio";"0"
"Population Service International";"Population Service International";"0"
"PSI Europe";"PSI Europe";"0"
"Pulsar International";"Pulsar International";"0"
"Pump Aid";"Pump Aid";"0"
"PwC";"PwC";"0"
"Publish What You Fund";"Publish What You Fund";"0"
"RAIN Foundation";"RAIN Foundation";"0"
"Railway Children";"Railway Children";"0"
"Stichting Red een Kind";"Stichting Red een Kind";"0"
"Resource Extraction Monitoring";"Resource Extraction Monitoring";"0"
"Restless Development";"Restless Development";"0"
"Retrak";"Retrak";"0"
"Rahnuma-Family Planning Assocation of Pakistan";"Rahnuma-Family Planning Assocation of Pakistan";"0"
"Rainforest Foundation UK";"Rainforest Foundation UK";"0"
"Relief International UK";"Relief International UK";"0"
"Rojiroti UK";"Rojiroti UK";"0"
"Royal Society for the Protection of Birds";"Royal Society for the Protection of Birds";"0"
"Rutgers";"Rutgers";"0"
"Netherlands Enterprise Agency";"Netherlands Enterprise Agency";"0"
"Southern African Catholic Bishops' Conference Aids Office";"Southern African Catholic Bishops' Conference Aids Office";"0"
"Send a Cow Uganda";"Send a Cow Uganda";"0"
"Saferworld";"Saferworld";"0"
"The Salvation Army International Development UK";"The Salvation Army International Development UK";"0"
"Scottish Catholic International Aid Fund (SCIAF)";"Scottish Catholic International Aid Fund (SCIAF)";"0"
"Save the Children Netherlands";"Save the Children Netherlands";"0"
"UK - Scottish Government";"UK - Scottish Government";"0"
"The Sabre Charitable Trust";"The Sabre Charitable Trust";"0"
"Save the Children UK";"Save the Children UK";"0"
"Switzerland - Swiss Agency for Development and Cooperation (SDC)";"Switzerland - Swiss Agency for Development and Cooperation (SDC)";"0"
"Self Help Africa";"Self Help Africa";"0"
"Send a Cow";"Send a Cow";"0"
"Sense International";"Sense International";"0"
"ShelterBox";"ShelterBox";"0"
"Shtrii Shakti";"Shtrii Shakti";"0"
"StreetInvest";"StreetInvest";"0"
"Sweden, through Swedish International Development Cooperation Agency (Sida)";"Sweden, through Swedish International Development Cooperation Agency (Sida)";"0"
"Signal";"Signal";"0"
"Simavi";"Simavi";"0"
"Social Impact Lab CIC";"Social Impact Lab CIC";"0"
"Sympany+";"Sympany+";"0"
"Simprints";"Simprints";"0"
"Stichting Kinderpostzegels Nederland";"Stichting Kinderpostzegels Nederland";"0"
"SKT Welfare";"SKT Welfare";"0"
"SNV Netherlands Development Organisation";"SNV Netherlands Development Organisation";"0"
"Stichting Onderzoek Multinationale Ondernemingen (SOMO)";"Stichting Onderzoek Multinationale Ondernemingen (SOMO)";"0"
"SOS Children's Villages Kenya";"SOS Children's Villages Kenya";"0"
"SOS Sahel International UK";"SOS Sahel International UK";"0"
"SPARK";"SPARK";"0"
"Samaritan's Purse UK";"Samaritan's Purse UK";"0"
"Sightsavers";"Sightsavers";"0"
"Stichting Vluchteling";"Stichting Vluchteling";"0"
"Stars Foundation";"Stars Foundation";"0"
"Hivos";"Hivos";"0"
"Street Child";"Street Child";"0"
"Stromme Foundation";"Stromme Foundation";"0"
"Survivors Fund (SURF)";"Survivors Fund (SURF)";"0"
"Swiss Tropical and Public Health Institute";"Swiss Tropical and Public Health Institute";"0"
"The Asia Foundation";"The Asia Foundation";"0"
"Teach A Man To Fish";"Teach A Man To Fish";"0"
"Trust for Africa's Orphans";"Trust for Africa's Orphans";"0"
"Target TB";"Target TB";"0"
"TB Alert";"TB Alert";"0"
"The Coca-Cola Export Corporation";"The Coca-Cola Export Corporation";"0"
"Terre des Hommes Netherlands";"Terre des Hommes Netherlands";"0"
"TEAR fund Nederland";"TEAR fund Nederland";"0"
"Tearfund";"Tearfund";"0"
"Theatre for a Change UK";"Theatre for a Change UK";"0"
"Theatre for a Change Malawi";"Theatre for a Change Malawi";"0"
"The Global Fund to Fight AIDS, Tuberculosis and Malaria";"The Global Fund to Fight AIDS, Tuberculosis and Malaria";"0"
"The International Children's Trust";"The International Children's Trust";"0"
"thet";"thet";"0"
"Transparency International Bangladesh";"Transparency International Bangladesh";"0"
"The Leprosy Mission England and Wales";"The Leprosy Mission England and Wales";"0"
"Transnational Institute";"Transnational Institute";"0"
"Traidcraft Exchange";"Traidcraft Exchange";"0"
"Transparency International Secretariat";"Transparency International Secretariat";"0"
"Trócaire";"Trócaire";"0"
"TREE AID";"TREE AID";"0"
"Trianglen";"Trianglen";"0"
"Triggerise Stichting";"Triggerise Stichting";"0"
"Triple Line & Crown Agents (Joint Venture)";"Triple Line & Crown Agents (Joint Venture)";"0"
"Trocaire (Northern Ireland)";"Trocaire (Northern Ireland)";"0"
"Salvation Army International ";"Salvation Army International ";"0"
"Twaweza";"Twaweza";"0"
"Twin";"Twin";"0"
"Urgent Action Fund for Women's Human Rights";"Urgent Action Fund for Women's Human Rights";"0"
"Urgent Action Fund Latin America and the Caribbean";"Urgent Action Fund Latin America and the Caribbean";"0"
"Romania Ministry of Foreign Affairs";"Romania Ministry of Foreign Affairs";"0"
"UK - Ministry of Defence";"UK - Ministry of Defence";"0"
"United Mission to Nepal";"United Mission to Nepal";"0"
"International Service";"International Service";"0"
"United Nations Capital Development Fund";"United Nations Capital Development Fund";"0"
"United Nations Development Programme";"United Nations Development Programme";"0"
"United Nations Educational, Scientific and Cultural Organization (UNESCO)";"United Nations Educational, Scientific and Cultural Organization (UNESCO)";"0"
"United Nations Population Fund";"United Nations Population Fund";"0"
"UN-Habitat";"UN-Habitat";"0"
"United Nations Children's Fund (UNICEF)";"United Nations Children's Fund (UNICEF)";"0"
"United States";"United States";"0"
"United Nations Office for the Coordination of Humanitarian Affairs (OCHA)";"United Nations Office for the Coordination of Humanitarian Affairs (OCHA)";"0"
"United Nations Office for Project Services (UNOPS)";"United Nations Office for Project Services (UNOPS)";"0"
"UN Women";"UN Women";"0"
"Upper Quartile";"Upper Quartile";"0"
"Upper Quartile";"Upper Quartile";"0"
"UNITAID";"UNITAID";"0"
"Vision Africa - Give a Child a Future";"Vision Africa - Give a Child a Future";"0"
"Vision Aid Overseas";"Vision Aid Overseas";"0"
"Varkey Foundation";"Varkey Foundation";"0"
"Vision for a Nation Foundation";"Vision for a Nation Foundation";"0"
"Viva";"Viva";"0"
"Vrutti, Livelihood Resource Centre";"Vrutti, Livelihood Resource Centre";"0"
"Voluntary Service Overseas (VSO)";"Voluntary Service Overseas (VSO)";"0"
"Water for People";"Water for People";"0"
"World Association for Christian Communication (UK)";"World Association for Christian Communication (UK)";"0"
"War Child Holland";"War Child Holland";"0"
"War on Want";"War on Want";"0"
"Water Witness International";"Water Witness International";"0"
"WaterAid";"WaterAid";"0"
"Water Works";"Water Works";"0"
"World Child Cancer UK";"World Child Cancer UK";"0"
"Women and Children First (UK)";"Women and Children First (UK)";"0"
"War Child UK";"War Child UK";"0"
"Welbodi Partnership";"Welbodi Partnership";"0"
"Wellfound";"Wellfound";"0"
"Wemos Foundation";"Wemos Foundation";"0"
"UK - Welsh Government's Wales for Africa Programme";"UK - Welsh Government's Wales for Africa Programme";"0"
"United Nations World Food Programme";"United Nations World Food Programme";"0"
"Women for Women International (UK)";"Women for Women International (UK)";"0"
"World Medical Fund for Children";"World Medical Fund for Children";"0"
"WO=MEN, Dutch Gender Platform";"WO=MEN, Dutch Gender Platform";"0"
"Womankind Worldwide";"Womankind Worldwide";"0"
"Women Win";"Women Win";"0"
"The World Bank";"The World Bank";"0"
"War on Want NI";"War on Want NI";"0"
"Water & Sanitation for the Urban Poor (WSUP)";"Water & Sanitation for the Urban Poor (WSUP)";"0"
"Windle Trust Kenya";"Windle Trust Kenya";"0"
"World University Service of Canada";"World University Service of Canada";"0"
"World Vision International";"World Vision International";"0"
"World Vision Netherlands";"World Vision Netherlands";"0"
"World Vision UK";"World Vision UK";"0"
"WWF-UK";"WWF-UK";"0"
"World Wide Fund for Nature - Pakistan";"World Wide Fund for Nature - Pakistan";"0"
"WYG International";"WYG International";"0"
"World Young Women's Christian Association";"World Young Women's Christian Association";"0"
"Youth Business International";"Youth Business International";"0"
"Y Care International";"Y Care International";"0"
"Ministry of Planning and International Cooperation";"Ministry of Planning and International Cooperation";"0"
"Young Innovations Pvt. Ltd";"Young Innovations Pvt. Ltd";"0"
"Zimbabwe Educational Trust";"Zimbabwe Educational Trust";"0"
"Zimmerman & Zimmerman";"Zimmerman & Zimmerman";"0"
"Zing";"Zing";"0"
"ZOA";"ZOA";"0"
"Administration";"administration";"44"
"Demografi";"demographics";"11"
"Geografi";"geography";"83"
"Kultur";"culture";"104"
"Natur og Miljø";"nature and the environment";"67"
"Politik";"policy";"15"
"Sociale forhold";"social conditions";"3"
"Transport og infrastruktur";"transport and infrastructure";"48"
"Uddannelse";"education";"3"
"Bevölkerung";"population";"0"
"Bildung und Wissenschaft";"education and science";"0"
"Geographie, Geologie und Geobasisdaten";"geography, Geology and the GEODATA";"0"
"Gesetze und Justiz";"laws and justice";"0"
"Gesundheit";"health";"0"
"Infrastruktur, Bauen und Wohnen";"infrastructure, building and housing";"0"
"Kultur, Freizeit, Sport, Tourismus";"culture, leisure, sport, tourism";"0"
"Noch nicht kategorisiert";"not yet categorized";"200"
"Öffentliche Verwaltung, Haushalt und Steuern";"Public administration, budget and taxes";"0"
"Politik und Wahlen";"politics and elections";"0"
"Soziales";"social";"0"
"Transport und Verkehr";"transport and traffic";"0"
"Umwelt und Klima";"environment and the climate";"0"
"Verbraucherschutz";"consumer protection";"0"
"Wirtschaft und Arbeit";"economy and work";"0"
"Aides à la presse ecrite";"aid to the newspapers";"6"
"Brocas";"brocas";"8"
"Élections";"Elections";"54"
"Grenoble";"grenoble";"3"
"Infrastructures sportives";"sports infrastructure";"0"
"Institut Français / Tandem Libre";"French institute / tandem free";"4"
"Internet Acces";"internet access";"5"
"Le vélo en ville en france";"cycling in the city in france";"0"
"Open Transition Energie";"open transition energie";"45"
"Réserve parlementaire et ministérielle";"reservation in parliamentary and ministerial";"11"
"Strasbourg";"strasbourg";"58"
"Algeria";"Algeria";"6"
"And 2009 Calendar Valentino Shoes ";"And 2009 Calendar Valentino Shoes ";"0"
"Angola";"Angola";"7"
"Armed Conflict";"Armed Conflict";"13"
"Benin";"Benin";"6"
"Botswana";"Botswana";"14"
"Burkina Faso";"Burkina Faso";"147"
"Burundi";"Burundi";"9"
"Cameroon";"Cameroon";"9"
"Cape Verde";"Cape Verde";"5"
"Central African Republic";"Central African Republic";"4"
"Chad";"Chad";"10"
"choice for midlevel editors";"choice for midlevel editors";"0"
"Christian Louboutin Shoes Sale collection in ";"Christian Louboutin Shoes Sale collection in ";"0"
"Comoros";"Comoros";"5"
"Company Ownership Data";"Company Ownership Data";"6"
"Conservation";"Conservation";"0"
"Côte d'Ivoire";"Côte d'Ivoire";"9"
"Democratic Republic of Congo";"Democratic Republic of Congo";"4"
"Djibouti";"Djibouti";"8"
"Education";"Education";"9"
"Egypt";"Egypt";"12"
"Equatorial Guinea ";"Equatorial Guinea ";"6"
"Eritrea";"Eritrea";"6"
"Ethiopia";"Ethiopia";"11"
"Extractive Industries";"Extractive Industries";"6"
"Gabon";"Gabon";"7"
"The Gambia";"The Gambia";"4"
"Get Packers and Movers Services for Effortless Relocation";"Get Packers and Movers Services for Effortless Relocation";"0"
"Ghana";"Ghana";"27"
"Golden Goose Sneakers touts a private ";"Golden Goose Sneakers touts a private ";"0"
"Guinea-Bissau";"Guinea-Bissau";"6"
"Guniea";"Guniea";"8"
"Health Data";"Health Data";"9"
" PSG 2-1 Chelsea: Edinson Cavani French side effect in the last 16 tie";" PSG 2-1 Chelsea: Edinson Cavani French side effect in the last 16 tie";"0"
"Kenya";"Kenya";"56"
"Lesotho";"Lesotho";"7"
"Liberia";"Liberia";"5"
"Libya";"Libya";"2"
"Madagascar";"Madagascar";"7"
"Maddenah";"Maddenah";"0"
"Malawi";"Malawi";"20"
"Mali";"Mali";"5"
"Mauritania";"Mauritania";"7"
"Mauritius";"Mauritius";"8"
"Morocco";"Morocco";"16"
"Packers and Movers Bangalore";"Packers and Movers Bangalore";"0"
"Mozambique";"Mozambique";"7"
"Namibia";"Namibia";"6"
"Niger";"Niger";"5"
"Nigeria";"Nigeria";"422"
"Organised Crime";"Organised Crime";"0"
"Quality Movers and Packers Companies Featuring Solution to Your Moving Preferences";"Quality Movers and Packers Companies Featuring Solution to Your Moving Preferences";"0"
"Republic of the Congo";"Republic of the Congo";"4"
"Rwanda";"Rwanda";"8"
"São Tomé and Príncipe";"São Tomé and Príncipe";"2"
"Senegal";"Senegal";"7"
"Seychelles";"Seychelles";"3"
"Sierra Leone";"Sierra Leone";"5"
"Somalia";"Somalia";"2"
"South Africa";"South Africa";"162"
"South Sudan";"South Sudan";"7"
"Sudan";"Sudan";"4"
"Swaziland";"Swaziland";"9"
"Tanzania";"Tanzania";"23"
"The 32 categories FIFA 16 XBOX Coins";"The 32 categories FIFA 16 XBOX Coins";"0"
"Togo";"Togo";"8"
"Tunisia";"Tunisia";"7"
"Uganda";"Uganda";"249"
"United Kingdom";"United Kingdom";"8"
"Valentino Rockstud Shoes most familiar ";"Valentino Rockstud Shoes most familiar ";"0"
"Valentino Rockstud Shoes the 20th century";"Valentino Rockstud Shoes the 20th century";"0"
"Valentino Shoes be surprised ";"Valentino Shoes be surprised ";"0"
"Valentino Shoes friends";"Valentino Shoes friends";"0"
"Valentino Shoes not all baby shampoos ";"Valentino Shoes not all baby shampoos ";"0"
"Valentino Shoes Sale holiday";"Valentino Shoes Sale holiday";"0"
"Very Simple Move with Proficient Packers Movers Companies";"Very Simple Move with Proficient Packers Movers Companies";"0"
"Zambia";"Zambia";"7"
"Zimbabwe";"Zimbabwe";"11"
"Code of Virginia";"Code of Virginia";"6"
"Courts";"Courts";"7"
"Elections";"Elections";"7"
"Regulations";"Regulations";"2"
"Transportation";"Transportation";"10"
"Virginia General Assembly";"Virginia General Assembly";"13"
"Catálogo datos.gob.mx";"catalogue data.gov. mx";"0"
"Datatón para el Desarrollo - Epicentro";"datatón for development - epicenter";"59"
"Datos Abiertos FindTheBest";"open data findthebest";"0"
"Datos IMSS";"data imss";"0"
"Información humanitaria huracán Patricia";"humanitarian information hurricane patricia";"0"
"Migrahack México";"migrahack méxico";"0"
"Monterrey";"monterrey";"11"
"Oahacka";"oahacka";"0"
"211";"211";"0"
"ANC";"ANC";"0"
"DC Financials";"DC Financials";"0"
"Education";"Education";"3"
"GIS";"GIS";"6"
"History";"History";"0"
"Test";"Test";"0"
"World Stock Exchanges";"World Stock Exchanges";"0"
"Administración Pública";"public administration";"18"
"Cultura y Recreación";"culture and recreation";"0"
"Economía y Finanzas";"economy and finance";"3"
"Educación";"education";"0"
"Estadísticas";"statistics";"0"
"Infraestructura y Obras Públicas";"infrastructure and public works";"0"
"Medio Ambiente";"environment";"0"
"Movilidad y Transporte";"mobility and transport";"0"
"Salud y Servicios Sociales";"health and social services";"0"
"Seguridad y Justicia";"security and justice";"0"
"Urbanismo y Territorio";"urbanism and territory";"0"
"24 Hour Survey";"24 hour survey";"40"
"Aerial";"aerial";"55"
"DDCF";"ddcf";"88"
"DDPF";"ddpf";"86"
"documents";"documents";"3"
"Geophysics";"geophysics";"27"
"HHCC";"hhcc";"86"
"HHQF";"hhqf";"91"
"images";"images";"59"
"in-situ-sensor-data";"in-situ-sensor-data";"19"
"Laboratory";"laboratory";"5"
"monitoring";"monitoring";"94"
"Remote Sensing";"remote sensing";"80"
"video";"video";"10"
"Ciencia y tecnología";"science and technology";"4"
"Comercio";"trade";"0"
"Cultura y Ocio";"culture and leisure";"12"
"Demografía";"demographics";"15"
"Deporte";"sport";"9"
"Economía";"economy";"4"
"Educación";"education";"7"
"Empleo";"employment";"4"
"Energía";"energy";"13"
"Hacienda";"hacienda";"19"
"Industria";"industry";"2"
"Legislación y justicia";"law and justice";"0"
"Medio ambiente";"environment";"40"
"Medio Rural";"rural";"0"
"Salud";"health";"6"
"Sector público";"public sector";"15"
"Seguridad";"security";"0"
"Sociedad y bienestar";"society and well-being";"7"
"Transporte";"transport";"32"
"Turismo";"tourism";"5"
"Urbanismo e infraestructuras";"urbanism and infrastructure";"72"
"Vivienda";"housing";"0"
"Børn og unge";"children and young people";"28"
"Byregnskab";"byregnskab";"0"
"Geografi";"geography";"86"
"Statistik";"statistics";"13"
"Transport og infrastruktur";"transport and infrastructure";"54"
"Agriculture et alimentation";"agriculture and food";"21"
"Économie et entreprises";"Economy and business";"6"
"Éducation et recherche";"Education and research";"0"
"Environnement, ressources naturelles et énergie";"environment, natural resources and energy";"81"
"Gouvernement et finances";"government and finance";"226"
"Infrastructures";"infrastructure";"139"
"Loi, justice et sécurité publique";"law, justice and public safety";"64"
"Politiques sociales";"social policies";"44"
"Santé";"health";"0"
"Société et culture";"society and culture";"46"
"Tourisme, sports et loisirs";"tourism, sports and recreation";"50"
"Transport";"transport";"80"
"Cultura";"culture";"9"
"Educação";"education";"6"
"Finanças";"finance";"15"
"Meio Ambiente";"environment";"3"
"Mobilidade";"mobility";"51"
"Saúde";"health";"22"
"Turismo";"tourism";"22"
"Urbanismo";"urbanism";"48"
"Banki -Pénzügyi  [Bank - Money ]";"Banki -Pénzügyi  [Bank - Money ]";"15"
"Egészségügy[Health]";"Egészségügy[Health]";"4"
"Földrajzi-Térkép[Geographic information]";"Földrajzi-Térkép[Geographic information]";"18"
"Hírek és média [News and Media]";"Hírek és média [News and Media]";"8"
"Ipar [Industry]";"Ipar [Industry]";"4"
"Katonai[Military]";"Katonai[Military]";"0"
"Környezet [ Environment]";"Környezet [ Environment]";"4"
"Közlekedés[Transport]";"Közlekedés[Transport]";"10"
"Nav.gov.hu[TAX]";"Nav.gov.hu[TAX]";"9"
"Nyelvi[Language]";"Nyelvi[Language]";"6"
"Oktatás[Education]";"Oktatás[Education]";"0"
"Sport[Sport]";"Sport[Sport]";"2"
"Agricoltura";"agriculture";"15"
"Ambiente";"environment";"23"
"Amministrazione";"administration";"59"
"Meteo";"weather";"21"
"Clima";"climate";"7"
"Conoscenza";"knowledge";"21"
"Cultura";"culture";"13"
"Demografia";"demographics";"0"
"Economia";"economy";"37"
"Gestione del territorio";"management of the territory";"136"
"Mobilita";"mobility";"17"
"Politica";"policy";"3"
"Salute";"health";"0"
"Sanità";"health";"25"
"Sicurezza";"yet";"0"
"Sport";"sports";"3"
"Turismo";"tourism";"44"
"Welfare";"welfare";"15"
"Business and Economy";"Business and Economy";"56"
"Community Services";"Community Services";"81"
"Environment";"Environment";"84"
"Finance";"Finance";"13"
"Health and Safety";"Health and Safety";"30"
"Imagery";"Imagery";"27"
"Infrastructure";"Infrastructure";"156"
"Land Use and Development";"Land Use and Development";"146"
"Local Government";"Local Government";"74"
"Miscellaneous";"Miscellaneous";"46"
"Recreation and Culture";"Recreation and Culture";"87"
"Transportation";"Transportation";"89"
"Architectuur en cultuur";"architecture and culture";"0"
"Diversen";"misc";"0"
"Duurzaamheid";"sustainability";"0"
"Financiën / subsidies";"finance / grants";"0"
"Geografie";"geography";"3"
"Haven";"port";"0"
"Hulpdiensten";"emergency services";"0"
"Mobiliteit";"mobility";"4"
"Onderwijs";"education";"0"
"Overheid";"government";"0"
"Rijnhaven";"rijnhaven";"0"
"Sport en Recreatie";"sports and recreation";"0"
"Veiligheid en criminaliteit";"safety and crime";"0"
"Verkiezingen & participatie";"elections & participation";"0"
"Woningbouw";"housing";"0"
"Woningbouw en vastgoed";"housing and real estate";"0"
"Zakelijk / start ups / innovatie";"business / start ups / innovation";"0"
"Zorg en welzijn";"care and well-being";"0"
"Børn og unge";"children and young people";"28"
"Byregnskab";"byregnskab";"0"
"Geografi";"geography";"86"
"Statistik";"statistics";"13"
"Transport og infrastruktur";"transport and infrastructure";"54"
"Administration";"administration";"44"
"Demografi";"demographics";"11"
"Geografi";"geography";"83"
"Kultur";"culture";"104"
"Natur og Miljø";"nature and the environment";"67"
"Politik";"policy";"15"
"Sociale forhold";"social conditions";"3"
"Transport og infrastruktur";"transport and infrastructure";"48"
"Uddannelse";"education";"3"
"Acessibilidade";"accessibility";"0"
"Administração e Finanças";"administration and finance";"0"
"Água";"Water";"0"
"Clima";"climate";"3"
"Defesa Civil";"civil defense";"0"
"Defesa do Consumidor";"consumer protection";"0"
"Educação";"education";"0"
"GEO";"geo";"2"
"Indústria e Comércio";"industry and trade";"2"
"Limpeza Urbana";"urban cleaning";"0"
"Meio Ambiente";"environment";"0"
"Mobilidade";"mobility";"2"
"Orçamento Participativo";"participatory budgeting";"1"
"POADIGITAL";"poadigital";"0"
"Saúde";"health";"0"
"Turismo";"tourism";"0"
"Ηλεκτρονική Διακυβέρνηση";"E-Governance";"1"
"Ενέργεια";"Energy";"6"
"Περιβάλλον";"Environment";"16"
"Γεωγραφία (GIS)";"Geography (gis)";"19"
"Υποδομές";"Infrastructure";"10"
"Αναψυχή";"Rec";"5"
"Θρησκεία";"Religion";"0"
"Κοινωνικά Ζητήματα";"Social Issues";"4"
"Χωροταξία - Πολεοδομία";"Land - Use Planning, Urban Planning";"14"
"Τουρισμός";"Tourism";"3"
"Μεταφορές";"Transport";"3"
"Υδάτινοι Πόροι";"Water Resources";"9"
"Élection et démocratie";"Election and democracy";"3"
"Environnement";"environment";"21"
"Infrastructures";"infrastructure";"9"
"Patrimoine et tourisme";"heritage and tourism";"17"
"Sports, loisirs, culture";"sports, leisure, culture";"27"
"Standardisation GVQ";"standardization gvq";"27"
"Technologie";"technology";"4"
"Transport et voies de communication";"transport and communication routes";"8"
"Urbanisme et Territoire";"urban planning and territory";"10"
"Bezirksregierung Düsseldorf";"district government of düsseldorf";"3"
"Mettmanner Vereine, Verbände und Beratungsstellen";"Mettmann clubs, associations and counseling centers";"3"
"Parteien";"parties";"12"
"Ratsinformationssystem";"Council information system";"194"
"Stadt Mettmann";"city of mettmann";"74"
"Wahlen";"elections";"3"
"Featured";"Featured";"4"
"Transportation";"Transportation";"3"
"Πολιτισμός";"Culture";"33"
"Οικονομικά δεδομένα ";"Financial data ";"29"
"Απασχόληση";"Employment";"4"
"Περιβαλλοντικά δεδομένα ";"Environmental data ";"20"
"Γεωχωρικά Δεδομένα ";"Geospatial Data ";"59"
"HACKED BY SLAYERSHACKTEAM";"hacked by slayershackteam";"0"
"HACKED BY SLAYERSHACKTEAM";"hacked by slayershackteam";"0"
"Βιβλιογραφικά δεδομένα ";"Bibliographic data ";"35"
"mpla";"mpla";"0"
"test";"test";"0"
"test2";"test2";"0"
"2getopic";"2getopic";"0"
"BLDS Building Permit Data";"BLDS Building Permit Data";"1"
"Business Licenses";"Business Licenses";"0"
"charlotte_county_fl_government";"charlotte_county_fl_government";"0"
"cosd_pilot_private";"cosd_pilot_private";"0"
"Food Safety Inspection";"Food Safety Inspection";"6"
"Groups of Wrath";"Groups of Wrath";"0"
"internal-only-sourcedata";"internal-only-sourcedata";"0"
"Jeff Group";"Jeff Group";"0"
"omaha";"omaha";"0"
"paloaltoplanning";"paloaltoplanning";"0"
"Permit Data";"Permit Data";"0"
"Police & Fire Data";"Police & Fire Data";"4"
"ProjectData1";"ProjectData1";"0"
"rc-building";"rc-building";"0"
"rcid_external";"rcid_external";"0"
"rcid_internal";"rcid_internal";"0"
"saltlakecitybuilding";"saltlakecitybuilding";"0"
"saltlakecitybuslic";"saltlakecitybuslic";"0"
"saltlakecityplanning";"saltlakecityplanning";"0"
"staging";"staging";"0"
"tacomagroup";"tacomagroup";"0"
"testgroup";"testgroup";"0"
"topicvivian";"topicvivian";"0"
"Agri-Foodstuffs";"agri-foodstuffs";"3"
"Agriculture, Forestry And Fisheries";"agriculture, forestry and fisheries";"1"
"Business And Competition";"business and competition";"7"
"Economics";"economics";"14"
"Education And Communications";"education and communications";"24"
"Employment And Working Conditions";"employment and working conditions";"13"
"Energy";"energy";"4"
"Environment";"environment";"33"
"European Union";"european union";"0"
"Finance";"finance";"0"
"Geography";"geography";"33"
"Industry";"industry";"0"
"International Organisations";"international organization";"0"
"International Relations";"international relations";"0"
"Law";"law";"0"
"Politics";"politics";"0"
"Production, Technology And Research";"production, technology and research";"14"
"Science";"science";"5"
"Social Questions";"social questions";"10"
"Trade";"trade";"0"
"Transport";"transport";"24"
"Catálogo datos.gob.mx";"catalogue data.gov. mx";"0"
"Datatón para el Desarrollo - Epicentro";"datatón for development - epicenter";"59"
"Datos Abiertos FindTheBest";"open data findthebest";"0"
"Datos IMSS";"data imss";"0"
"Información humanitaria huracán Patricia";"humanitarian information hurricane patricia";"0"
"Migrahack México";"migrahack méxico";"0"
"Monterrey";"monterrey";"11"
"Oahacka";"oahacka";"0"
"高齢社会";"Aging society";"0"
"福島県会津若松市";"Fukushima Prefecture Aizu-Wakamatsu city";"5"
"文化芸術";"Art and culture";"4"
"千葉市";"Chiba city";"15"
"DATA for CITIZEN";"data for citizen";"7"
"防災";"Disaster prevention";"9"
"FIT Student Branch";"fit student branch";"0"
"福井県坂井市";"Sakai city, Fukui Prefecture";"0"
"東京都八王子市";"Hachioji-Shi, Tokyo";"17"
"石川県金沢市";"Kanazawa city, Ishikawa Prefecture";"0"
"神奈川県川崎市";"Kawasaki city, Kanagawa Prefecture";"8"
"ＯＣＪ広報紙オープンデータ";"ＯＣＪ PR paper Open Data";"109"
"国土・地域データ";"National and regional data";"12"
"公共データ";"Public data";"0"
"地方公共団体";"Local governments";"33"
"LODチャレンジ2011";"lod challenge 2011";"6"
"LODチャレンジ2012";"lod challenge 2012";"11"
"千葉県流山市";"Chiba Prefecture, nagareyama city";"9"
"名古屋市";"Nagoya City";"22"
"名古屋のデータ";"Nagoya data";"0"
"OpenDataDay2013（共通）";"opendataday2013 (common)";"1"
"大阪市";"Osaka city";"4"
"福井県鯖江市";"Fukui Prefecture, sabae city";"24"
"山陰地方";"San-in region";"0"
"北海道札幌市";"Sapporo-Shi, Hokkaido";"0"
"衆議院300選挙区統計データ";"House of Representatives 300 electoral districts statistical data";"0"
"衆議院2012年総選挙投開票結果（小選挙区）";"House of Representatives 2012 election vote results (electoral ward)";"0"
"test group";"test group";"0"
"東海";"Tokai";"0"
"東京";"Tokyo";"0"
"神奈川県横浜市";"Yokohama city, Kanagawa Prefecture";"33"
"横浜市統計書";"City of Yokohama statistics";"2"
"秋田県横手市";"Yokote city, Akita Prefecture";"3"
"教育";"Education";"0"
"観光";"Tourism";"0"
"交通";"Traffic";"0"
"Biota";"biota";"81"
"Boundaries";"boundaries";"172"
"Climatology";"climatology";"6"
"Economy";"economy";"11"
"Elevation";"elevation";"15"
"Environment";"environment";"251"
"Farming";"farming";"26"
"Geoscientific";"geoscientific";"153"
"Health";"health";"25"
"Imagery + Basemaps";"imagery + basemaps";"85"
"Inland Waters";"inland waters";"146"
"Intelligence + Military";"intelligence + military";"0"
"Location";"location";"52"
"Planning + Cadastre";"planning + cadastre";"152"
"Society";"society";"75"
"Structure";"structure";"77"
"Transportation";"transportation";"215"
"Utilities + Communication";"utilities + communication";"78"
"01 Ambiente e territorio";"01 the environment and the territory";"11"
"02 Popolazione";"02 population";"9"
"03 Sanità";"03 health";"24"
"04 Sicurezza sociale";"04 social security";"24"
"05 Istruzione e cultura";"05 education and culture";"34"
"06 Giustizia";"06 justice";"26"
"07 Economia e lavoro";"07 the economy and work";"41"
"08 Prezzi";"08 prices";"10"
"09 Trasporti";"09 transport";"41"
"10 Amministrazione comunale";"10 municipal administration";"25"
"11 Quartieri";"11 districts";"21"
"12 Spettacolo e sport";"12 entertainment and sports";"12"
"13 Le donne a Firenze";"13 women in florence";"22"
"Agricultura";"agriculture";"0"
"Datos Espaciales";"spatial data";"6"
"Documentos";"documents";"0"
"Educación";"education";"0"
"Estadísticas";"statistics";"5"
"Indicadores";"indicators";"0"
"Población";"population";"0"
"Salud";"health";"2"
"Transporte";"transport";"3"
"Appalachian Basin Data Group";"Appalachian Basin Data Group";"868"
"Biogasification";"Biogasification";"5"
"DOE GIS Users Group";"DOE GIS Users Group";"2"
"Environmentally Friendly Drilling Systems Alliance";"Environmentally Friendly Drilling Systems Alliance";"0"
"Fault Data Resources";"Fault Data Resources";"164"
"Radically Engineered Modular Systems - REMS";"Radically Engineered Modular Systems - REMS";"3"
"Geophysical Data Network";"Geophysical Data Network";"108"
"Hydrocarbon Equation of State";"Hydrocarbon Equation of State";"41"
"NATCARB";"NATCARB";"110"
"SFIRE";"SFIRE";"0"
"Spatial Data Resources";"Spatial Data Resources";"227"
"Unconventional Resources ";"Unconventional Resources ";"245"
"Arts";"arts";"63"
"Biomedical Sciences";"biomedical sciences";"6"
"Engineering";"engineering";"43"
"Health Sciences";"health sciences";"68"
"Science";"science";"321"
"Social Sciences and Law";"social sciences and law";"77"
"Parks and Recreation";"Parks and Recreation";"3"
"Reno Sparks Neighborhoods";"Reno Sparks Neighborhoods";"15"
"文化藝術";"Culture and the Arts";"8"
"教育";"Education";"5"
"公共安全/防救災/環保";"Public safety/prevention, disaster relief/environmental protection";"84"
"臺南市政府重大事件專區";"Tainan City Government major events area.";"4"
"健康/照護/社福";"Health/care/social welfare";"102"
"商業/就業";"Business/employment";"19"
"戶籍/地政";"Domicile/place of the";"33"
"其他行政";"Other administrative";"25"
"統計數據";"Statistics";"31"
"交通";"Traffic";"29"
"觀光景點/活動";"Sightseeing attractions/activities";"11"
"公共設施與資訊";"Public facilities and information";"9"
"教育";"Education";"3"
"公共工程及建設";"Public works and building";"0"
"觀光旅遊";"Sightseeing trip";"8"
"求職及就業";"Job search and employment";"1"
"環境品質";"Environmental quality";"7"
"生活安全及救災";"Life security and disaster relief";"2"
"衛生醫療及社福";"Health care and social welfare";"33"
"文化藝術";"Culture and the Arts";"8"
"交通運輸及通訊";"Transport and communications";"0"
"選舉及投票";"Elections and voting";"0"
"統計資訊";"Statistical information";"10"
"地政及人口";"Local government and population";"4"
"地方財政";"Local financial";"9"
"其他行政資訊";"Other administrative information";"7"
"Art and Culture";"Art and Culture";"85"
"Business and Economy";"Business and Economy";"248"
"Championing London";"Championing London";"46"
"Crime and Community Safety";"Crime and Community Safety";"169"
"Demographics";"Demographics";"446"
"Education";"Education";"210"
"Employment and Skills";"Employment and Skills";"300"
"Environment";"Environment";"276"
"Health";"Health";"332"
"Housing";"Housing";"277"
"London 2012";"London 2012";"12"
"Planning";"Planning";"153"
"Sport";"Sport";"141"
"Transparency";"Transparency";"279"
"Transport";"Transport";"299"
"Young People";"Young People";"177"
"Agricultura";"agriculture";"0"
"Ciencia y Tecnología";"science and technology";"2"
"Cultura";"culture";"2"
"Deporte";"sport";"0"
"Discapacidad";"disability";"0"
"Educación";"education";"39"
"Energía";"energy";"0"
"Extranjeros";"foreign";"0"
"Finanzas, Economía y Negocios";"finance, economics and business";"29"
"Identidad e Identificación";"identity and identification";"5"
"Justicia";"justice";"0"
"Marco Legal";"legal framework";"0"
"Participación Ciudadana";"citizen participation";"2"
"Pobreza";"poverty";"0"
"Pueblos Originarios";"native peoples";"0"
"Reclamo";"claim";"0"
"Salud";"health";"2"
"Saneamiento";"sanitation";"0"
"Seguridad";"security";"0"
"Telecomunicación";"telecommunications";"8"
"Trabajo y Empleo";"labour and employment";"44"
"Transporte e Infraestructura";"transport and infrastructure";"11"
"Turismo";"tourism";"7"
"Vivienda y Familia";"home and family";"0"
"Bacteria";"Bacteria";"9"
"Biodiversity";"Biodiversity";"4"
"Document";"Document";"12"
"Fish";"Fish";"9"
"Map";"Map";"78"
"Phytoplankton";"Phytoplankton";"3"
"Plankton";"Plankton";"5"
"Soil";"Soil";"21"
"Water Quality";"Water Quality";"24"
"Zooplankton";"Zooplankton";"3"
"Agropecuária, pesca e silvicultura";"farming, fishing and forestry";"338"
"Caracterização territorial";"characterization of the territorial";"452"
"Cidadania e Direitos Humanos";"citizenship and human rights";"106"
"Ciência, Tecnologia e Inovação";"science, technology and innovation";"40"
"Cultura e Esporte";"culture and sport";"62"
"Demografia";"demographics";"249"
"Desenvolvimento social";"social development";"231"
"Economia";"economy";"388"
"Educação";"education";"211"
"Finanças";"finance";"278"
"Geociências";"geosciences";"591"
"Gestão pública";"public management";"284"
"Infraestrutura";"infrastructure";"300"
"Meio ambiente e recursos hídricos";"environment and water resources";"139"
"Publicações";"publications";"301"
"Saúde";"health";"213"
"Segurança pública";"public safety";"73"
"Trabalho";"work";"306"
"Turismo";"tourism";"207"
"Urbanismo";"urbanism";"380"
"Admin & Political Boundaries";"Admin & Political Boundaries";"230"
"Agriculture & Farming";"Agriculture & Farming";"15"
"Atmosphere & Climate";"Atmosphere & Climate";"36"
"Biology & Ecology";"Biology & Ecology";"104"
"Business";"Business";"120"
"Cadastre & Land Description";"Cadastre & Land Description";"94"
"Communication";"Communication";"15"
"Community";"Community";"667"
"Culture & Demography";"Culture & Demography";"39"
"Education";"Education";"356"
"Elevation";"Elevation";"26"
"Employment";"Employment";"39"
"Environment";"Environment";"209"
"Environmental";"Environmental";"152"
"Facilities & Structures";"Facilities & Structures";"47"
"Finance";"Finance";"199"
"General";"General";"307"
"Geological & Geophysical";"Geological & Geophysical";"122"
"Health";"Health";"335"
"Imagery & Base Maps";"Imagery & Base Maps";"0"
"Inland Water Resources";"Inland Water Resources";"65"
"Location & GPS";"Location & GPS";"14"
"Minerals & Petroleum";"Minerals & Petroleum";"25"
"Oceans & Estuaries";"Oceans & Estuaries";"50"
"Planning";"Planning";"577"
"Recreation";"Recreation";"55"
"Science & Technology";"Science & Technology";"23"
"Society";"Society";"653"
"Spatial Data";"Spatial Data";"592"
"Transport";"Transport";"224"
"Transportation Networks";"Transportation Networks";"28"
"Utility Networks";"Utility Networks";"2"
"Vicmap Planning";"Vicmap Planning";"4"
"Vicmap Products";"Vicmap Products";"40"
"Vicmap Property datasets";"Vicmap Property datasets";"28"
"Vicmap Property layers";"Vicmap Property layers";"23"
"Vicmap Property tables";"Vicmap Property tables";"5"
"Vicmap Transport datasets";"Vicmap Transport datasets";"14"
"VMPROP map-polygons, Parcel and Property";"VMPROP map-polygons, Parcel and Property";"12"
"Bevölkerung";"population";"44"
"Bildung und Wissenschaft";"education and science";"18"
"Geographie, Geologie und Geobasisdaten";"geography, Geology and the GEODATA";"5"
"Gesetze und Justiz";"laws and justice";"0"
"Gesundheit";"health";"18"
"Infrastruktur, Bauen und Wohnen";"infrastructure, building and housing";"34"
"Kultur, Freizeit, Sport und Tourismus";"culture, leisure, sport and tourism";"20"
"Politik und Wahlen";"politics and elections";"34"
"Soziales";"social";"18"
"Transport und Verkehr";"transport and traffic";"22"
"Umwelt und Klima";"environment and the climate";"3"
"Verbraucherschutz";"consumer protection";"0"
"Öffentliche Verwaltung, Haushalt und Steuern";"Public administration, budget and taxes";"21"
"Wirtschaft und Arbeit";"economy and work";"20"
"生物生態類";"Bio-ecology category";"18"
"土地邊界類";"Land borders category";"3"
"氣候氣象類";"Climate weather types";"0"
"經濟活動類";"Economic activity type of";"14"
"高程資訊類";"Elevation information category";"3"
"環境活動類";"Environmental activities category";"5"
"農業相關類";"Agriculture-related categories";"5"
"地球科學相關類";"Earth Science related categories";"0"
"健康衛生類";"Health category";"0"
"地表覆蓋資訊類";"Land cover information category";"0"
"水文資訊類";"Hydrological information such";"4"
"軍事情報類";"Military intelligence types";"0"
"位置資訊類";"Position information category";"12"
"海洋資訊類";"Marine information category";"18"
"土地使用與規劃類";"Land use and planning category";"3"
"社會文化類";"Socio-cultural category";"43"
"人工設施類";"Artificial facilities such";"0"
"交通資訊類";"Traffic information such";"2"
"公共設施類";"Public facilities such";"1"
"Courses";"Courses";"0"
"Organizations";"Organizations";"0"
"Building Control";"Building Control";"6"
"Corporate Support";"Corporate Support";"8"
"Democratic Services";"Democratic Services";"0"
"Development Control";"Development Control";"10"
"Dock Museum";"Dock Museum";"0"
"Environmental Health";"Environmental Health";"2"
"Estates";"Estates";"6"
"Finance ";"Finance ";"5"
"Housing ";"Housing ";"2"
"Human Resources";"Human Resources";"0"
"IT";"IT";"0"
"Leisure Centre";"Leisure Centre";"0"
"Parking";"Parking";"2"
"Planning Policy";"Planning Policy";"15"
"Property Information ";"Property Information ";"3"
"Property Services Group";"Property Services Group";"4"
"Public Places ";"Public Places ";"0"
"Streetcare";"Streetcare";"3"
"The Forum";"The Forum";"0"
"Town Centre and Markets";"Town Centre and Markets";"0"
"economy";"economy";"0"
"education";"education";"0"
"environment";"environment";"3"
"finance";"finance";"0"
"justice";"justice";"0"
"products";"products";"0"
"property";"property";"0"
"services";"services";"3"
"transportation";"transportation";"0"
"utilities";"utilities";"0"
"Distributivna trgovina";"distributive trade";"0"
"Gospodarska i društvena kretanja u Gradu Zagrebu";"economic and social movements in Moscow";"0"
"Građevinarstvo";"construction";"0"
"Industrija";"industry";"0"
"Investicije";"investment";"0"
"Kultura i umjetnost";"arts and culture";"2"
"Obrazovanje";"education";"2"
"Osobna potrošnja";"personal consumption expenditure";"0"
"Otpad";"waste";"0"
"Plaće";"salary";"0"
"Poljoprivreda";"agriculture";"0"
"Prijevoz i skladištenje";"transport and storage";"0"
"Promet";"traffic";"0"
"Robna razmjena s inozemstvom";"commodity exchange with foreign countries";"0"
"Turizam i ugostiteljstvo";"tourism and hospitality";"0"
"Vitalna statistika";"vital statistics";"0"
"Zaposlenost i nezaposlenost";"employment and unemployment";"0"
"ZGCycleUnit ";"zgcycleunit ";"0"
"budget.gov.ru";"budget.gov.ru";"135"
"Бюджеты";"Budgets";"38"
"Данные ЦБ РФ";"Data of the Central Bank of the Russian Federation";"9"
"Госзатраты";"Gosstroy";"7"
"Открытые данные портала data.gov.ru";"Open data portal data.gov.ru";"34"
"Справочники и классификаторы";"Reference books and classifiers";"4"
"Образование";"Education";"5"
"Данные ЕГЭ и ГИА";"Data and exam GIA";"6"
"Статистика с портала ЕМИСС";"Statistics from the portal EMISS";"0"
"Энергетика";"Energy";"5"
"Данные системы ЕСИМО";"These systems ESIMO";"2"
"Государственные финансы";"Public Finance";"12"
"Фонд общественного мнения";"public opinion Foundation";"3"
"Официальные новостные данные";"Official data news";"88"
"Архивы официальных микроблогов";"Archives official microblogging";"10"
"Hacked By LuXas  #StopGenocideOfTurkmen";"hacked by luxas #stopgenocideofturkmen";"0"
"Министерство финансов";"Ministry of Finance";"115"
"Открытые данные Москвы";"Open data of Moscow";"63"
"Тестовая группа";"Test group";"0"
"Организации";"organization";"7"
"Политика и выборы";"Politics and elections";"14"
"Федеральное казначейство";"Federal Treasury";"24"
"Санкт-Петербург";"St. Petersburg";"4"
"Статистика";"Statistics";"13"
"Средства обучения";"Learning tools";"2"
"Транспорт";"Transport";"0"
"Открытые данные Ульяновской области";"Open data in Ulyanovsk region";"3"
"Нерассортированное";"Unsorted";"22"
"Архивы государственных сайтов";"state archives site";"18"
"Архивы официальных видеоканалов YouTube";"Archives official video youtube";"3"
"AAPI";"AAPI";"1462"
"Aging";"Aging";"132"
"Agriculture";"Agriculture";"774"
"BusinessUSA";"BusinessUSA";"2599"
"Climate";"Climate";"1427"
"Consumer";"Consumer";"2032"
"Disasters";"Disasters";"254"
"Ecosystems";"Ecosystems";"492"
"Education";"Education";"1056"
"Energy";"Energy";"2762"
"Finance";"Finance";"829"
"Law";"Law";"223"
"Local Government";"Local Government";"8374"
"Manufacturing";"Manufacturing";"1723"
"Ocean";"Ocean";"277"
"Research";"Research";"1164"
"Safety";"Safety";"931"
"State";"State";"0"
"World Wide Human Geography Data (WWHGD) Working Group ";"World Wide Human Geography Data (WWHGD) Working Group ";"1221"
