"SUID";"name";"selected";"shared name";"type"
"19b9a34b-14f3-4ff8-b90a-0ea6d1ea7c13";"abastecimento de água";"false";"abastecimento de água";"tag"
"ad53fdd0-8b93-40bf-87c4-75618a336a3c";"acidente aeronáutico";"false";"acidente aeronáutico";"tag"
"be03fdbb-43ba-4bb7-bda6-1c9f943cfe97";"acidente de trabalho";"false";"acidente de trabalho";"tag"
"dc3753ca-e83f-4501-b6d7-5708c606796c";"Acidente de trabalho";"false";"Acidente de trabalho";"tag"
"cfd7106e-0199-4fd3-8006-f43691e3c3f0";"acidentes aéreos";"false";"acidentes aéreos";"tag"
"032f4be4-1949-4839-9ff6-bf67703c7e60";"acidentes de trabalho";"false";"acidentes de trabalho";"tag"
"e1ae3c8d-5302-45e2-b445-9e8eebfb98db";"acidentes de trânsito";"false";"acidentes de trânsito";"tag"
"15ef3926-9a4a-4b50-ae93-39867374fe39";"Ações do Governo Federal";"false";"Ações do Governo Federal";"tag"
"8abe8ee1-2ccb-41a6-9726-21bc64e1d7ed";"acolhimento de pessoas";"false";"acolhimento de pessoas";"tag"
"960c7310-6d2f-4514-a066-a072efff8a2d";"Acordos Internacionais";"false";"Acordos Internacionais";"tag"
"440539df-4d54-44d9-97b7-b1b64edf49a3";"Acre";"false";"Acre";"tag"
"98c270dc-2610-40a4-bbf1-ca920efecb37";"administração pública";"false";"administração pública";"tag"
"48c09ecc-ad92-4cc9-bb01-f305e4cc9fa1";"Administração Pública Federal";"false";"Administração Pública Federal";"tag"
"08609c0e-a755-4342-9685-287a79831183";"aeat";"false";"aeat";"tag"
"98788d54-2dde-44f3-8b37-c2abe9914947";"AEPS";"false";"AEPS";"tag"
"445d4e77-a897-4619-a9b3-d8de333b6286";"aeronaves";"false";"aeronaves";"tag"
"e18242f8-95e0-4fc3-9017-2c1507bdd030";"Aeroporto";"false";"Aeroporto";"tag"
"ec785272-0a99-4cf6-854d-8ef68ad278e1";"aeroportos";"false";"aeroportos";"tag"
"0e7c0ef5-b330-4ad5-948b-1e70adeb7f27";"Aforamento";"false";"Aforamento";"tag"
"86ddf2af-005b-4553-b56e-5bd5e95f43b2";"agências";"false";"agências";"tag"
"7213db1e-9ab3-47df-912a-31979a7ccbb2";"Agências";"false";"Agências";"tag"
"859fe79d-5d73-4236-9a75-fbe2b3f19279";"agente-nocivo";"false";"agente-nocivo";"tag"
"85a55027-73d0-4bc1-ac0c-0a0979212ff8";"AIDS";"false";"AIDS";"tag"
"4613a450-410b-4562-9474-badd3445a780";"alfândega";"false";"alfândega";"tag"
"1dcb7763-87ad-433c-b577-e407bdfaba64";"alunos por turma";"false";"alunos por turma";"tag"
"ad931914-362f-4377-92b6-84ebbbb7f7e4";"Amapá";"false";"Amapá";"tag"
"48063382-99dd-41d6-804b-eb9bc78c525f";"Amazonas";"false";"Amazonas";"tag"
"d5e75d73-ea2a-4ccd-aaba-c19675dec981";"amazônia";"false";"amazônia";"tag"
"ac04d8d3-cc4f-450a-88da-f6822c6a2bf2";"Amazônia Legal";"false";"Amazônia Legal";"tag"
"590faac4-b214-441e-a9ae-490be21d0166";"ANAC";"false";"ANAC";"tag"
"4028922d-c484-4d70-91cc-c2ac098bdde0";"analfabetismo";"false";"analfabetismo";"tag"
"1cf52cc1-fa4d-4ddb-babb-b2a7a728c7c1";"analfabetismo funcional";"false";"analfabetismo funcional";"tag"
"d3a4b443-7040-4809-8c5b-d5383ab8b710";"Anomalia Gravimétrica";"false";"Anomalia Gravimétrica";"tag"
"e256d1e8-da50-43b4-aba8-36f93f483f11";"ANP";"false";"ANP";"tag"
"5a842b31-c870-4a77-bfe3-3d7a4438a1c6";"API";"false";"API";"tag"
"ffa5727d-5f20-4ae6-903a-84eb6b8ac8e4";"aposentado";"false";"aposentado";"tag"
"23ec28f0-b397-4d30-bddc-256ee76d0b6c";"Aposentadoria por tempo de contribuição";"false";"Aposentadoria por tempo de contribuição";"tag"
"545b80d9-0ec0-4c63-81bd-9ee1488847e2";"Aposentadorias";"false";"Aposentadorias";"tag"
"46fa214a-1dda-48ed-a299-1a53236cc90a";"APS";"false";"APS";"tag"
"70b6857d-f19c-4e22-b832-6c06f9778b7e";"áreas de conhecimento";"false";"áreas de conhecimento";"tag"
"445deff2-e020-4b35-95f8-d1bcdabfcd3b";"área urbana";"false";"área urbana";"tag"
"be93b52d-4f7a-4687-98e3-06d36de1f7ae";"armas";"false";"armas";"tag"
"e5560c88-a74d-400a-9359-fc656d4060d2";"Arrecadação";"false";"Arrecadação";"tag"
"34c0b2a0-9127-4b89-a3ca-f457440b5ad4";"arrecadação de prefeituras";"false";"arrecadação de prefeituras";"tag"
"49065ad3-7d56-4b1d-96b1-d16fc98cce03";"Assistência à saúde";"false";"Assistência à saúde";"tag"
"c3e0e32f-21e2-47c5-a3ce-45a4d1e68bff";"Assistência à Saúde";"false";"Assistência à Saúde";"tag"
"8bea3718-0765-4776-b21e-dd7602dff94b";"assistência social";"false";"assistência social";"tag"
"11edde36-8f37-4c7f-aa3c-0e27ef3c9f00";"ata";"false";"ata";"tag"
"197ad1dc-26d6-4305-b52b-61340395f46a";"atenção básica";"false";"atenção básica";"tag"
"fb2465ed-b324-4a92-91f1-a1a34caabc5e";"atendimento ao cidadão";"false";"atendimento ao cidadão";"tag"
"2a4a0eaf-df2d-4428-b3df-06ac163da87a";"atendimento ao consumidor";"false";"atendimento ao consumidor";"tag"
"30de21f0-7e50-4a1b-8573-28387ba70521";"atendimentos do consumidor";"false";"atendimentos do consumidor";"tag"
"bfb88d65-f8f5-49ed-8ba2-6ed9f35c1620";"atmosfera";"false";"atmosfera";"tag"
"1ad8f68f-f1c1-441d-afe3-99974bdc4b52";"autarquia";"false";"autarquia";"tag"
"3ed9e817-610f-4657-bcbf-5b44fe7a3a04";"autuações";"false";"autuações";"tag"
"eabc30ee-46b0-4239-81e0-63563cd7d0e1";"avaliação";"false";"avaliação";"tag"
"000e291d-f3f2-4ad0-b17e-65b045566fba";"avaliação da educação";"false";"avaliação da educação";"tag"
"05996596-6658-4375-aae6-d4ffe2fa5e89";"avaliação desempenho escolar";"false";"avaliação desempenho escolar";"tag"
"ea6f7c39-c4cf-466a-98ab-5a0a98a0a7d0";"avaliação educação";"false";"avaliação educação";"tag"
"14b3a544-9341-4a57-b8ed-3efe35f6c04a";"aviação";"false";"aviação";"tag"
"5e25a507-00ff-4439-929b-29d8ababdab7";"aviação brasileira";"false";"aviação brasileira";"tag"
"9c07619d-d621-457a-b7b5-466bed37b749";"aviação civil";"false";"aviação civil";"tag"
"5f8b003f-ef2e-49a0-b34e-d4e5bbe90865";"avião";"false";"avião";"tag"
"9820e0e5-7662-4848-a156-25c4bc8b5511";"aviso";"false";"aviso";"tag"
"c4b0641c-31a4-4d8b-8054-cc9a5774a368";"avistamento";"false";"avistamento";"tag"
"d70ce9a3-c402-4db2-a8bc-c86116964102";"bacen";"false";"bacen";"tag"
"8a12eb77-574c-4ff8-9fc5-71cc8965010d";"banco-central";"false";"banco-central";"tag"
"69bc2009-0e4f-4692-9a1f-dcf8f1cb2810";"benefício";"false";"benefício";"tag"
"c4c51509-6a18-4579-b54e-5cf5294993f7";"benefício previdenciário";"false";"benefício previdenciário";"tag"
"1a472ed7-e5e0-48cd-8635-3c9cab636411";"Benefícios";"false";"Benefícios";"tag"
"a035879d-2893-419c-b94d-aeb6c47cd8cb";"Benefícios Ativos";"false";"Benefícios Ativos";"tag"
"5b391587-4e08-4ba2-bbe9-4fe276abd5e6";"Benefícios Cessados";"false";"Benefícios Cessados";"tag"
"865aa396-d6cd-46c7-a00e-f7c6249eb3c1";"Benefícios Cessados por morte por duração";"false";"Benefícios Cessados por morte por duração";"tag"
"aeb17601-dd07-494d-9b8f-f82ca0b8a287";"Benefícios cessados por morte por idade";"false";"Benefícios cessados por morte por idade";"tag"
"dbd19d68-f754-4692-987b-8d71b372619b";"Benefícios Cessados Urbanos";"false";"Benefícios Cessados Urbanos";"tag"
"edb7331c-f73b-4731-872f-d241bb2114ef";"Benefícios concedidos";"false";"Benefícios concedidos";"tag"
"14d53738-6256-402f-a635-af135d064931";"Benefícios de Prestação Única";"false";"Benefícios de Prestação Única";"tag"
"be198eb6-cd2c-4bee-9838-1d1b23b72527";"Benefícios mantidos";"false";"Benefícios mantidos";"tag"
"f155da33-ae69-4d8c-b7af-fba7ab54bd33";"Benefícios Previdenciários";"false";"Benefícios Previdenciários";"tag"
"f7cd3d3c-899f-4bee-b4c1-7bca76cf845e";"Bens e serviços";"false";"Bens e serviços";"tag"
"9134aedd-49a3-46ae-9af6-b11348b39b11";"biocombustíveis";"false";"biocombustíveis";"tag"
"28082542-38e7-434e-8800-18e2c78eed4c";"biodiesel";"false";"biodiesel";"tag"
"a2c8bfad-e98a-46a2-bb98-362f456888b8";"bioma mapa brasil recurso natural 5000000";"false";"bioma mapa brasil recurso natural 5000000";"tag"
"158178af-387d-4902-9499-c867c2ddb719";"boletins de ocorrência";"false";"boletins de ocorrência";"tag"
"7228053b-da92-4371-8dc1-df7750e07d8c";"bovespa";"false";"bovespa";"tag"
"275f5bbe-0f26-4245-a383-a0b9900df214";"Brasil";"false";"Brasil";"tag"
"9b509639-617e-4adf-bac7-6f34a80499c2";"BR-Brasil";"false";"BR-Brasil";"tag"
"9c4cb9c2-a9ed-4e5b-b663-1121248685e5";"câmara dos deputados";"false";"câmara dos deputados";"tag"
"1c2771da-cc63-4622-9d61-1eac560fec78";"câmara municipal";"false";"câmara municipal";"tag"
"85523bc5-e1ed-452b-9f59-f07430fb9489";"câmbio";"false";"câmbio";"tag"
"68de47b7-7e5a-4b43-9db1-f91b7a59ca00";"campanha eleitoral";"false";"campanha eleitoral";"tag"
"ce99d534-8561-481e-8e14-32efee9f6f4d";"candidatos";"false";"candidatos";"tag"
"7831b728-88dd-48a6-a4ce-7a31e6403464";"CAPES";"false";"CAPES";"tag"
"b21b7351-9bc4-402a-8f34-95fc4912cb37";"cargo";"false";"cargo";"tag"
"d0b051e6-f1f3-485e-b6fa-7a94735fb45c";"Cartografia";"false";"Cartografia";"tag"
"d4dddd53-47d2-4504-9a61-2d83484652af";"cartórios";"false";"cartórios";"tag"
"cec5fbd0-9b47-4a39-bcbc-9e0abc1b286d";"CBO";"false";"CBO";"tag"
"fba4cd20-b25d-453a-b0d5-8d7e4e194114";"CDRU";"false";"CDRU";"tag"
"1772481b-9b7f-4e7b-bb9c-072b099b2beb";"ce";"false";"ce";"tag"
"9fda0c4f-dd65-444a-b0d7-1da1d7083cf2";"ceis";"false";"ceis";"tag"
"6c1adaae-fbbf-4e5e-ae2e-c8842500009f";"Cenipa";"false";"Cenipa";"tag"
"ca5c5901-95e2-4828-925d-3be8a7abf0ba";"censo";"false";"censo";"tag"
"0072c04b-0c2b-45a9-9a6f-14f25200d0a3";"censo escolar";"false";"censo escolar";"tag"
"5c13a53f-1e10-49c5-ab19-aa5b2e5b1177";"Centros urbanos";"false";"Centros urbanos";"tag"
"2321c203-3fa3-4637-a4ae-a031005ce93e";"Centro urbano";"false";"Centro urbano";"tag"
"5bb29e80-6c5d-4da1-b235-a502d17ccb0d";"CGU";"false";"CGU";"tag"
"bf09cdc7-3358-457b-b32d-a5353ccfdfaa";"CID";"false";"CID";"tag"
"69d50211-a9db-4a13-afd7-94d0508abf9e";"cidadão";"false";"cidadão";"tag"
"65a7a0de-824e-4f50-bbfd-bff15baf671b";"Cidade";"false";"Cidade";"tag"
"ba0f383d-f766-4057-acc8-966e9f8cd0cd";"Cidades";"false";"Cidades";"tag"
"6bf159c0-e2be-4dbe-9a14-dcdd7e084da3";"Classificação";"false";"Classificação";"tag"
"5a58323d-77c2-4660-b2af-af27c3aafd4d";"CNAE";"false";"CNAE";"tag"
"73b1fd19-7a75-4132-9569-d23407754061";"CNAE 2.0";"false";"CNAE 2.0";"tag"
"d40e43fb-866b-4d62-9f8a-241a17c4f9d8";"CNAE 95";"false";"CNAE 95";"tag"
"a7e919e1-af66-46e5-a696-21dfd7cb7841";"CNES";"false";"CNES";"tag"
"5af18487-e848-4f9d-9863-cf25c7a4fe36";"colisão";"false";"colisão";"tag"
"2e67de0f-37e1-4c47-8391-08705d81676c";"Comando da Aeronáutica";"false";"Comando da Aeronáutica";"tag"
"6068059a-1f1c-4449-83b2-34d68d3815a8";"combate às drogas";"false";"combate às drogas";"tag"
"67e90adf-e970-4d3a-9d94-e4c89c5affcb";"combustíveis";"false";"combustíveis";"tag"
"ebc84cd9-f371-4f88-a53a-e2fc5d136808";"comércio";"false";"comércio";"tag"
"98226abc-086d-4692-aca4-37cc44bea57c";"Comércio";"false";"Comércio";"tag"
"9ce91aed-8b47-4a42-9721-0dcb16609c80";"comércio exterior";"false";"comércio exterior";"tag"
"62dd7468-2fba-4c4f-8e0c-edfd041279aa";"comissão";"false";"comissão";"tag"
"7ab0ac6d-4579-4694-879d-6208f7c4e456";"competencia";"false";"competencia";"tag"
"d5bfce78-b85a-4778-be07-683243e80749";"compras";"false";"compras";"tag"
"063057d4-244b-4e39-af8e-ec2b07d5903e";"comprasnet";"false";"comprasnet";"tag"
"a61cf403-e82f-4028-a568-fee6abf8d281";"comunidades terapêuticas";"false";"comunidades terapêuticas";"tag"
"7861dade-c63c-49c1-84ad-d509c7bb47bd";"Concessão de Direito Real de Uso";"false";"Concessão de Direito Real de Uso";"tag"
"b22bc9d2-98c5-4f6b-bdcd-7b64a98838e2";"Concessão de Uso Especial para fins de Moradia";"false";"Concessão de Uso Especial para fins de Moradia";"tag"
"aad651a3-ae65-4f01-975d-52cfc7de7666";"concessões";"false";"concessões";"tag"
"8bf9e985-6ae6-49a5-a211-48d255149c3a";"concorrência";"false";"concorrência";"tag"
"73c1f223-db49-4042-b6a0-e5acbf09d9fd";"consocial";"false";"consocial";"tag"
"0d1c82cd-d7f1-4864-b3b9-c121a78d9f22";"consumidor";"false";"consumidor";"tag"
"b6e94ecd-a84e-4526-8e24-c006ee750dff";"contratos";"false";"contratos";"tag"
"4c70f519-1610-47d1-8da1-48284f32842c";"contratos de repasse";"false";"contratos de repasse";"tag"
"f694531c-e63c-4858-ac5a-30847dc26480";"contribuinte";"false";"contribuinte";"tag"
"7bed3771-b30f-4239-acbd-cd032c4ed61a";"Contribuinte Individual";"false";"Contribuinte Individual";"tag"
"8daf70e0-4d2e-46a3-9e1c-f8afe119644e";"Contribuintes";"false";"Contribuintes";"tag"
"17ede1db-ac55-47d9-bad2-7ad0e5886ac3";"Contribuintes-Empregados";"false";"Contribuintes-Empregados";"tag"
"7831a35d-ae14-4c94-81f7-39a14af99b87";"controle de qualidade";"false";"controle de qualidade";"tag"
"a17e680a-9e22-4758-9efc-73335a93f689";"convênios";"false";"convênios";"tag"
"671fb71c-25c4-42fb-b318-eb2122b2a903";"convite";"false";"convite";"tag"
"a6d07eff-dab8-4e39-b06f-47ac499295f5";"copa";"false";"copa";"tag"
"ad57beba-e48e-4a22-82e9-f878d240c5bd";"copa 2014";"false";"copa 2014";"tag"
"206f37e7-e15b-4d4b-b6fd-7e774d2ca1e0";"CRAS";"false";"CRAS";"tag"
"de031086-8f91-46cb-a02f-02abb8c7c2e9";"CREAS";"false";"CREAS";"tag"
"c3c75bc3-1994-4fef-bef0-ddec71dee4cb";"Créditos";"false";"Créditos";"tag"
"9554c1e2-9d98-45cf-b520-13027ef9c890";"crescimento populacional";"false";"crescimento populacional";"tag"
"8788267d-2129-4f9e-b357-ea827a012691";"crimes";"false";"crimes";"tag"
"8732f2c8-cf10-4e2d-a1cb-cb5a885398e2";"crimes-violentos-letais-intencionais";"false";"crimes-violentos-letais-intencionais";"tag"
"a97d9c7c-ccf4-4e9b-8a40-bde5be351afd";"CUEM";"false";"CUEM";"tag"
"022eb8b6-b369-4ac2-bdf0-b3a3d90150ac";"Curso superior";"false";"Curso superior";"tag"
"030380b1-af32-4480-bafa-2db5254df5d9";"Data de Despacho do Benefício";"false";"Data de Despacho do Benefício";"tag"
"6a644e8b-f015-4fe2-84f9-b03763921c9a";"dataprev";"false";"dataprev";"tag"
"e5c94e95-0cc8-4a48-8796-da37c1d4895c";"DCB";"false";"DCB";"tag"
"9a5426b0-a153-4f77-854e-fb3baa2236f9";"DDB";"false";"DDB";"tag"
"48ee5cd3-a02c-4f97-8358-788661d98668";"defesa do consumidor";"false";"defesa do consumidor";"tag"
"f54f7081-2fd4-4378-8801-64911a446232";"Defesa do consumidor";"false";"Defesa do consumidor";"tag"
"1d262e99-6593-437a-9159-f45965f75b8c";"dengue";"false";"dengue";"tag"
"d8a65b19-f73b-4f2b-aaad-d3801d8aedba";"Departamento de Polícia Rodoviária Federal";"false";"Departamento de Polícia Rodoviária Federal";"tag"
"9a8fe5a5-29fe-4d45-81e6-9c814dc5be71";"DEPEN";"false";"DEPEN";"tag"
"4a4556f3-d42d-4826-9555-fee932654cd0";"Dependentes";"false";"Dependentes";"tag"
"a54c8c80-b1b8-4d17-bfad-717856a2ac9e";"depreciado";"false";"depreciado";"tag"
"3a20be8c-0c77-46d2-9db4-617e00083cdc";"deputado";"false";"deputado";"tag"
"41ce1be1-2db0-484c-a9d5-81831153d713";"deputado federal";"false";"deputado federal";"tag"
"68ffbee3-dcc2-466a-ae9d-3170f3ec6a20";"derivados";"false";"derivados";"tag"
"be628ea0-a417-470a-b397-34f0a4939a9c";"desarmamento";"false";"desarmamento";"tag"
"4ff03d5f-1d48-4aca-811f-3d9ef17c1195";"desempenho escolar";"false";"desempenho escolar";"tag"
"bb516d81-88ab-4ceb-b2a0-253bb8c61b7f";"desemprego";"false";"desemprego";"tag"
"2d3562d2-7244-4aa5-85fd-85d46c0b8faa";"Deslocados";"false";"Deslocados";"tag"
"eb84e9ed-3680-4677-a06e-1fa170f42ba4";"Deslocamento";"false";"Deslocamento";"tag"
"46991eae-6f1e-47ec-9c93-29d0502af59c";"desmatamento";"false";"desmatamento";"tag"
"5dba4e1a-7362-4e8e-b1a0-2adca8a34d7a";"despesas diretas";"false";"despesas diretas";"tag"
"486c97fe-e722-46c8-b6a4-2181983395ba";"DIB";"false";"DIB";"tag"
"87e64e60-67b8-4470-815c-ee461ebd0aad";"diretrizes";"false";"diretrizes";"tag"
"a3dcbec0-1fe9-4cfc-b269-20b18bf8d767";"Dissertações";"false";"Dissertações";"tag"
"14f4e901-7d26-483c-8773-35d7f6bc3d25";"distorção idade-série";"false";"distorção idade-série";"tag"
"c284f9e4-c6ae-488f-8ab1-5e84c520898a";"Distrito Federal";"false";"Distrito Federal";"tag"
"b976c9f4-ee43-4c7c-a821-d4dc829a246c";"distritos";"false";"distritos";"tag"
"e5f4182d-efd9-4bc0-9103-3f75e2217631";"dns";"false";"dns";"tag"
"4432a6bf-9b05-4c60-aab5-7a26f7405858";"dólar";"false";"dólar";"tag"
"622f8dab-3c28-453f-96c8-51330c49331c";"domicílios";"false";"domicílios";"tag"
"33695a93-40ad-485a-a535-4541a9c2cd1b";"domínios";"false";"domínios";"tag"
"e4fbb661-67a7-4c8b-9315-0a3ee423aada";"DOPPLER";"false";"DOPPLER";"tag"
"a771e07f-eb92-4366-b003-6ca2b433536d";"DPRF";"false";"DPRF";"tag"
"6c481210-776e-4950-9502-fc5ca08e9fb2";"drogas";"false";"drogas";"tag"
"efe944cc-2157-4a34-bf55-5a127feeb423";"DRSAI";"false";"DRSAI";"tag"
"f205b4ea-f0e3-4a6d-8ad6-5d573e67eacb";"DST";"false";"DST";"tag"
"2017f204-2190-45c5-a461-faad0b415f2c";"economia";"false";"economia";"tag"
"42682047-dd3c-4e2b-9799-a1d511666d87";"educação";"false";"educação";"tag"
"9256d437-0092-4116-b6c3-c543866e628c";"educação básica";"false";"educação básica";"tag"
"23a6314d-673f-4c53-8c7c-283dc8f6ec0a";"educação superior";"false";"educação superior";"tag"
"1ceffa41-e857-4ed7-bb1b-262e3e92f1c2";"efeito estufa";"false";"efeito estufa";"tag"
"a046f891-d4cb-4755-842a-83d0cf73ad40";"EG";"false";"EG";"tag"
"819be3a9-b6b4-4833-8829-15ca5899e5da";"eleição";"false";"eleição";"tag"
"c1a89103-7880-4715-9248-ce763420b3e9";"eleitores";"false";"eleitores";"tag"
"15f28413-50b4-4c95-8aec-136a08b32072";"eleitores filiados";"false";"eleitores filiados";"tag"
"bad3d140-bb25-46ae-a9f0-1b2e9ad41b8f";"empregado";"false";"empregado";"tag"
"d0322d64-a264-436c-8204-57483acb88ca";"Empregado";"false";"Empregado";"tag"
"c9152a4a-da2c-4b39-8d64-20c8dd486e03";"emprego";"false";"emprego";"tag"
"58216e91-c26a-4b42-9d88-c86ec53fffe7";"emprego e desemprego";"false";"emprego e desemprego";"tag"
"d3df748e-a30b-4f14-b827-73658acb1acf";"empresas";"false";"empresas";"tag"
"0d5c4d61-4b67-4435-9ac3-26c52eaffebc";"Empresas";"false";"Empresas";"tag"
"fba5c784-cbad-4ca8-bec1-1402743fc44b";"Empresas Equiparadas";"false";"Empresas Equiparadas";"tag"
"94672024-8b86-445b-9608-c7a9e1df7aeb";"empresas estatais";"false";"empresas estatais";"tag"
"a435242d-58a1-429c-a9c8-c3a167b966b5";"empresas inidôneas";"false";"empresas inidôneas";"tag"
"2c1b5835-e687-4b14-99cc-11caaae7f5a5";"empresas suspensas";"false";"empresas suspensas";"tag"
"7ba02b96-432c-4836-b0fa-92b9da394887";"Enade";"false";"Enade";"tag"
"59c878af-f950-4906-adc0-bf60eb952dea";"ENC";"false";"ENC";"tag"
"7a044088-7380-422d-8f66-216c17e0867d";"Enem";"false";"Enem";"tag"
"3bbba6a2-d2f2-4c61-9df2-97084f47ac19";"energias não renováveis";"false";"energias não renováveis";"tag"
"ac6a89b4-dd02-4572-ad1f-334538e80d0c";"energias renováveis";"false";"energias renováveis";"tag"
"64e6c3c4-b247-49ec-8ef0-7e170b00479c";"ensino médio";"false";"ensino médio";"tag"
"68cbe7ff-8fcb-4bd0-bbdb-bda20ea59d14";"ensino superior";"false";"ensino superior";"tag"
"a6af5679-f8d0-4c6d-9aa0-e080f30848fe";"entidade pública";"false";"entidade pública";"tag"
"88929be8-a4d3-4788-b928-fd27ae2c556b";"Entidades Equiparadas";"false";"Entidades Equiparadas";"tag"
"5b5cfa29-4ec8-47e9-95b8-d72550ea70a4";"entidades sociais";"false";"entidades sociais";"tag"
"f555dec8-5738-48a3-88e2-7e23b4c9b4e1";"EP";"false";"EP";"tag"
"229ab367-2840-4229-b307-887340b9e0ad";"Equipamentos públicos";"false";"Equipamentos públicos";"tag"
"3f85f28e-cbaa-491c-8dfc-7c0d4f4171f1";"escolaridade";"false";"escolaridade";"tag"
"19fcda1e-c534-4e45-acfa-4ae149ce14ae";"Espécie";"false";"Espécie";"tag"
"445b21f5-b877-4227-8aea-46906c960c4d";"Espécies";"false";"Espécies";"tag"
"72ff5b19-9203-4cc7-bbe4-52a56af3b324";"estabelecimento";"false";"estabelecimento";"tag"
"61eca7a3-6f03-4ec2-a840-c26f19bf4c13";"Estabelecimentos";"false";"Estabelecimentos";"tag"
"adb99f9d-25d6-49ec-a255-314a0b8809ac";"Estação Altimétrica";"false";"Estação Altimétrica";"tag"
"95804656-79bd-4fa3-b9bd-2ce5854bf1cf";"Estação de Poligonal";"false";"Estação de Poligonal";"tag"
"ade05f29-a7ed-4f0e-befb-adaeacc2fe2d";"Estação Gravimétrica";"false";"Estação Gravimétrica";"tag"
"f4cef0f2-bde6-4ded-a888-0421147f0d4f";"Estação Planimétrica";"false";"Estação Planimétrica";"tag"
"dc88b5ea-fb93-46a7-9dfd-9190dccddda6";"estadual";"false";"estadual";"tag"
"f12fc354-8577-4aba-bc14-c4c374907906";"estratificação Qualis";"false";"estratificação Qualis";"tag"
"4dba8124-211d-488f-879b-51d8e4c53550";"estrutura orgânica";"false";"estrutura orgânica";"tag"
"ce8b2902-cfe1-487f-befd-ef60653eeec9";"estrutura organizacional";"false";"estrutura organizacional";"tag"
"bb7a6aa8-6a86-4cf4-af59-56613383b0e6";"euro";"false";"euro";"tag"
"b6043cba-5348-43a4-a1c1-6245ba1e3526";"Exame de cursos";"false";"Exame de cursos";"tag"
"325b1550-4fee-4050-ae9a-2e1bde067edc";"execução orçamentária";"false";"execução orçamentária";"tag"
"9d8c1dd5-ea3c-4b49-99cb-58a2675d9a29";"executivo";"false";"executivo";"tag"
"7c8692b3-5b88-48cf-98f2-bba2fb45492a";"exportações";"false";"exportações";"tag"
"f72d9fed-46b7-490e-a1cb-889a0f2f1422";"família";"false";"família";"tag"
"695cb569-fc2d-449a-9deb-93d7522404a9";"fauna";"false";"fauna";"tag"
"2f781fe9-fe37-4cf2-86af-d0a8c5285d9f";"federal";"false";"federal";"tag"
"2725ef95-c950-4b89-8aa1-89244cae4f82";"filiação partidária";"false";"filiação partidária";"tag"
"c3525372-56e3-4b6c-8579-6363f96c0979";"finanças";"false";"finanças";"tag"
"e0bea0c6-a2f3-40a6-8030-df429773d15a";"fiscalização";"false";"fiscalização";"tag"
"2724522c-3d12-4396-bacf-dd967c49600a";"Folha SA.23";"false";"Folha SA.23";"tag"
"cb4e6eb1-a372-49a5-9b90-b3c3daef1960";"Folha SB.23";"false";"Folha SB.23";"tag"
"97e6994e-c239-4a56-93e2-13a6f751754a";"Folha SD.22";"false";"Folha SD.22";"tag"
"feac5912-8e30-47e4-903a-ea201e6808ec";"Folha SE.21";"false";"Folha SE.21";"tag"
"3a385f09-d25b-4528-b19d-a58e915b27ca";"Folha SH.21";"false";"Folha SH.21";"tag"
"c55d1d7d-313c-490d-a2ec-18e330ac84a8";"Folha SH.22";"false";"Folha SH.22";"tag"
"a7a5f856-8179-47d5-9006-30fad02b446a";"Folha SI.22";"false";"Folha SI.22";"tag"
"e80e7f4d-617d-4a0e-a063-b7ba7ec79158";"Fontes de Receitas";"false";"Fontes de Receitas";"tag"
"8111ccec-47cb-4a3b-9ab3-302c8632da46";"fornecedores";"false";"fornecedores";"tag"
"9167fb5b-9814-43a5-a38d-d5069dab3dce";"FPAS";"false";"FPAS";"tag"
"5401abce-38cf-4702-ba49-bdf9092904d9";"função de confiança";"false";"função de confiança";"tag"
"74dd355f-eeed-481d-b6f8-35ba36258b22";"função pública";"false";"função pública";"tag"
"40da801b-b54f-4103-8f63-c9fe60fad0c5";"fundação";"false";"fundação";"tag"
"f81e3c06-256a-4b85-999f-8db845eccbb6";"fundo-de-garantia";"false";"fundo-de-garantia";"tag"
"0c20f0ed-6aa2-4c19-a0f4-c47dd80d0160";"gás natural";"false";"gás natural";"tag"
"fd5b5dd2-1728-4522-bf2d-1fcdffe17bd4";"gastos diretos";"false";"gastos diretos";"tag"
"82b4074a-b9df-4932-a262-b5c05b413458";"geo";"false";"geo";"tag"
"ee3b1e23-4640-48c1-8599-e588e6758981";"Geodésia";"false";"Geodésia";"tag"
"621341d5-0462-4fed-9e1b-90752803356b";"Geoespacial";"false";"Geoespacial";"tag"
"10ebcfab-6203-4e43-be68-cd49759db4a6";"geografia";"false";"geografia";"tag"
"c0773d49-f4a9-42a8-aca5-87b9b7fc4dc4";"geolocalização";"false";"geolocalização";"tag"
"142bb1ac-c5b5-4baf-b777-6ce5e9d60937";"Geologia";"false";"Geologia";"tag"
"6940f2db-60b5-45b9-8e3b-176e139de1c9";"Geomorfologia mapas Amazônia Legal brasil recurso natural";"false";"Geomorfologia mapas Amazônia Legal brasil recurso natural";"tag"
"04122533-8d9f-4001-9d3a-d5af1ea7b62f";"Geoserviço";"false";"Geoserviço";"tag"
"f8b1aaa6-8caa-4c65-86f3-a2b6322c9374";"Gestão privada";"false";"Gestão privada";"tag"
"cf6f56eb-455c-41d4-af87-a60083665fdb";"Gestão pública";"false";"Gestão pública";"tag"
"e07ec415-41bf-4210-9e67-9c20f23ccdbd";"GFIP";"false";"GFIP";"tag"
"87cb340e-d43e-475e-a59e-5da48e8d083e";"Goiás";"false";"Goiás";"tag"
"5b62e1f3-cf1b-4cf3-82ab-8ccc701af874";"governança de ti";"false";"governança de ti";"tag"
"2e6e34b6-d5bc-4f72-865e-cd72c93604ab";"governo do estado";"false";"governo do estado";"tag"
"b891019a-383f-468e-ba6f-80a4274b0e33";"governo eletrônico";"false";"governo eletrônico";"tag"
"810c8aa1-dfa9-40cb-9475-8a692b618926";"governo estadual";"false";"governo estadual";"tag"
"035df099-e322-4a65-ba9e-d03b67b2579b";"governo federal";"false";"governo federal";"tag"
"e24156d1-4e96-44b1-b87e-82c38b8094a9";"governo municipal";"false";"governo municipal";"tag"
"93f2713c-45b7-49b3-a290-a9d60686aa75";"GPS";"false";"GPS";"tag"
"9c9c034c-2eff-4046-a180-6fe31d9fe6f0";"GR-6";"false";"GR-6";"tag"
"e5fff797-2ba5-4d27-a245-782a6bd4132f";"graduação";"false";"graduação";"tag"
"34d43eff-b1d5-4dc2-865e-f444dc9ba3de";"GRPS";"false";"GRPS";"tag"
"553bed92-6283-40a4-8572-9506c6822de1";"guia";"false";"guia";"tag"
"3c83103e-a3cb-49ea-8af0-84a6d335d463";"guia-de-recolhimento";"false";"guia-de-recolhimento";"tag"
"0d997995-6dde-47e8-b76b-d96c9c9c5aa6";"habitação";"false";"habitação";"tag"
"0b665544-fe70-44d0-8802-2dbb846ce327";"helicóptero";"false";"helicóptero";"tag"
"db03956d-568f-4e0e-b122-bd9935a92758";"hierarquia organizacional";"false";"hierarquia organizacional";"tag"
"6b5524bc-b26d-45ee-ae11-27216f5ed6f5";"Histórico";"false";"Histórico";"tag"
"28e880f3-50d5-492b-97de-8b009a213480";"horas-aula diária";"false";"horas-aula diária";"tag"
"0752bfeb-cc29-4fc7-8dae-c6d5f2c0a4e9";"hospital";"false";"hospital";"tag"
"46413f9e-ec7a-4b94-a4f3-1ce489d04331";"IBGE";"false";"IBGE";"tag"
"62a2e5f5-a7a0-4bf2-9cc6-41f897fb1294";"Idade";"false";"Idade";"tag"
"8df45b89-5719-4757-952f-0a4670a2fe77";"imóveis";"false";"imóveis";"tag"
"60f8f96d-2b84-4a34-b3ad-bcdea0798c12";"imóveis dominiais";"false";"imóveis dominiais";"tag"
"ea1d225e-c2ca-43e6-90fa-840f510c8830";"importações";"false";"importações";"tag"
"36672875-0453-41f6-aedc-4acd31694cf4";"imposto de renda";"false";"imposto de renda";"tag"
"911a6efa-75c3-4d53-b927-b46e269a7e89";"inabilitados";"false";"inabilitados";"tag"
"392edfd6-b67d-4581-8d19-828cde539752";"Incapacidade";"false";"Incapacidade";"tag"
"06f7b020-8dbe-490b-8028-728e23e2336c";"INDE";"false";"INDE";"tag"
"0ad8d345-b867-42fa-af4c-1deb080d25d0";"Indicador";"false";"Indicador";"tag"
"a0f731bb-54a0-4ff3-a24a-6e1c97125d8b";"indicadores socioeconômicos";"false";"indicadores socioeconômicos";"tag"
"3a16ea08-408c-431a-8990-ef2897351176";"índice";"false";"índice";"tag"
"a4fb1aea-bcef-4ff8-8eec-8cd5e67e9193";"índices";"false";"índices";"tag"
"8c84b766-d209-44c7-8010-d0896e54a517";"indústria";"false";"indústria";"tag"
"d39ecd86-b564-42cf-97ff-a97a6b4c0092";"INEP";"false";"INEP";"tag"
"ddf15033-4b03-4be2-ab56-2e90719fff60";"inflação";"false";"inflação";"tag"
"23387790-e415-455a-a1ef-19d865b7c6b1";"infraestrutura";"false";"infraestrutura";"tag"
"96e9617a-2bbc-4ff8-bd1d-9355ed177133";"INPC";"false";"INPC";"tag"
"0f86b601-de73-45ee-843b-3d5b1c9bfb6a";"INPE";"false";"INPE";"tag"
"22baa4f2-794b-43b6-9fb2-acad79b84108";"INSS";"false";"INSS";"tag"
"09988c38-775c-4c08-b641-9228fbaff392";"instituições de ensino superior";"false";"instituições de ensino superior";"tag"
"d554b75d-74e5-4c2f-b558-d8fb1480e273";"Interlegis";"false";"Interlegis";"tag"
"e3a96ab6-3fa1-4d5e-b0ff-51fa8220a4e1";"Internações";"false";"Internações";"tag"
"4c54b3ed-8c3a-4210-bd90-2d021719aa46";"Inventário Florestal";"false";"Inventário Florestal";"tag"
"ce027255-ff84-4259-a6b8-3208e450fb61";"investigação";"false";"investigação";"tag"
"4e523dc6-4ce0-4a11-9cf6-aa31b6e35721";"investimentos";"false";"investimentos";"tag"
"368d791f-cc51-4527-b6b7-8b013fdf0854";"investimentos anunciados";"false";"investimentos anunciados";"tag"
"4c7f3b20-a6a1-44bd-b1ea-c33bdf9fe12c";"investimentos privados";"false";"investimentos privados";"tag"
"0ec23e4a-ad35-4228-b5fc-2039d7400dbf";"IPCA";"false";"IPCA";"tag"
"62190def-96e7-4934-94fb-f7c945aace28";"IPCA15";"false";"IPCA15";"tag"
"c6b7f6db-8269-4890-ba61-73a1a40bb73d";"ipea";"false";"ipea";"tag"
"7c1016e1-6f57-40a8-a960-3442d723b7ff";"ipeadata";"false";"ipeadata";"tag"
"7fba3158-ebc9-42bf-8c36-4e7bd13152cf";"Jornal";"false";"Jornal";"tag"
"93488b48-81c1-4616-a51f-5964862adf92";"justiça";"false";"justiça";"tag"
"6135cc5a-e3b5-485e-a3b0-a74950e3ec3b";"Justiça";"false";"Justiça";"tag"
"7b13cca0-e8a8-4d6b-b954-90c0634771cf";"Lazer";"false";"Lazer";"tag"
"d3587dde-900a-4d4e-aa13-eed2895feda1";"legislativo";"false";"legislativo";"tag"
"8ae343c4-035f-4fe2-9d6e-1596531bc5ba";"leilão";"false";"leilão";"tag"
"40f3f916-3a07-4871-a7b7-b169ac017e24";"licitação";"false";"licitação";"tag"
"e1e1e6a5-2b2b-45b4-9ccc-a6e5783530e6";"licitantes inidôneas";"false";"licitantes inidôneas";"tag"
"659e53a8-f59d-4de4-ab4e-a216dfc5d6b0";"Ligações";"false";"Ligações";"tag"
"07bd3291-c4be-4191-bb20-7ea40b5ddd35";"linhas de ônibus";"false";"linhas de ônibus";"tag"
"72ca6e67-9922-4411-a79c-99cee1c1f451";"lixo";"false";"lixo";"tag"
"e07dc6ae-0195-41a2-ac34-3ca6c4336e81";"lixo domiciliar";"false";"lixo domiciliar";"tag"
"638ef648-20ad-4ece-be00-3503d01f30f3";"locais de atendimento";"false";"locais de atendimento";"tag"
"c7a1a96f-fda1-422c-8790-d4d1797ea2ca";"localização internet";"false";"localização internet";"tag"
"e38558f1-19e0-4022-bbf3-7d8d9ba6681a";"longevidade";"false";"longevidade";"tag"
"33bc9173-ab61-45a2-909a-ae3547e456f2";"luz-para-todos";"false";"luz-para-todos";"tag"
"067505ef-ee15-40f5-bbe0-18435645093a";"magistério";"false";"magistério";"tag"
"994153d7-4ca8-46c9-94f1-4fbcde1231a6";"mapa";"false";"mapa";"tag"
"52dd5cd2-2f0b-44a0-a30d-057862f2eaaa";"Maranhão";"false";"Maranhão";"tag"
"1f94825f-ebec-463f-8425-910dc72dab30";"materiais";"false";"materiais";"tag"
"635f5f14-ba2c-4c0f-aa7f-c7fb0fbe3598";"Mato Grosso";"false";"Mato Grosso";"tag"
"eea01479-c7ef-4cf7-b99b-3344e2fef840";"Mato Grosso do Sul";"false";"Mato Grosso do Sul";"tag"
"fbb18719-e5e0-424e-a9fa-7de1d733c96e";"meio ambiente";"false";"meio ambiente";"tag"
"5d15c997-806b-48a3-8d8c-59c22ffa4927";"MF";"false";"MF";"tag"
"48165bc4-9a4c-4c51-94b9-f74281bbee90";"mg";"false";"mg";"tag"
"b31d22ea-2862-41c7-bb69-c624fb6f13a9";"Ministério da Justiça";"false";"Ministério da Justiça";"tag"
"2ac612fd-d4a9-46cf-95bd-62897f891fae";"Ministério da Saúde";"false";"Ministério da Saúde";"tag"
"f071239a-dc16-4025-b99d-f06fc119b22c";"Ministério do Planejamento";"false";"Ministério do Planejamento";"tag"
"08f3f3c4-c467-4666-a31d-eeb63dbd07eb";"MJ";"false";"MJ";"tag"
"a6689c74-59f3-4443-9751-9ca4f87cf526";"modalidades";"false";"modalidades";"tag"
"8d550098-da23-492d-888b-3755bf13ae65";"morbidade";"false";"morbidade";"tag"
"24754431-e08d-4d49-9a2b-0245ba9839a3";"Morbidade";"false";"Morbidade";"tag"
"19d8d5aa-2367-494c-9165-08414ea9e934";"mortalidade";"false";"mortalidade";"tag"
"4f433e99-36a7-4af8-9f10-7f2e4c6d108e";"MP";"false";"MP";"tag"
"61f03b8a-8e92-4217-975a-5fc3eb4f826e";"MS";"false";"MS";"tag"
"cd2cd6e5-92e9-4233-aca4-9e635854774f";"MTE";"false";"MTE";"tag"
"703df2b1-af67-481b-83a7-bd19ec804c8d";"multas";"false";"multas";"tag"
"fb92f57c-f139-4735-a7ee-48b278079b43";"municipal";"false";"municipal";"tag"
"eaa8b13f-1115-4129-89ee-cd731c14c8a8";"município";"false";"município";"tag"
"8707b8f9-e03a-4a5a-b370-563ae1e0c13b";"municípios";"false";"municípios";"tag"
"31093884-7282-4c5a-89c8-31ca9030f055";"não resposta";"false";"não resposta";"tag"
"5f0bf293-0d7f-4208-a8dd-80c806fcbce6";"nascidos vivos";"false";"nascidos vivos";"tag"
"6190315c-4d23-4cac-bc9d-c4cd841e00f8";"Níveis de centralidade";"false";"Níveis de centralidade";"tag"
"8e51c42c-04c6-40d9-b8ae-337caecd5f1d";"Nivelamento Geométrico";"false";"Nivelamento Geométrico";"tag"
"ffade3a5-e2d9-4f94-a74b-9e7971cb8901";"óbitos";"false";"óbitos";"tag"
"5163d96a-302f-4082-9d1f-c44478ce7119";"obras";"false";"obras";"tag"
"bdcd4acd-18b8-4b6b-bd6d-8e0f2161cb1e";"ocorrências";"false";"ocorrências";"tag"
"0e7e4b0c-500d-494e-a70c-a73e6bde9c3a";"ocorrências criminais";"false";"ocorrências criminais";"tag"
"c09cb820-02ca-4cc1-b885-1f0e66d8e13e";"ocorrências-criminais";"false";"ocorrências-criminais";"tag"
"19ef3d82-861d-4926-abde-f18f78f37889";"ONG";"false";"ONG";"tag"
"e5cc366b-8c65-466f-9568-433d2d49a16a";"ônibus";"false";"ônibus";"tag"
"077c722b-70bb-4be5-a3b2-ff580f81e3f5";"orçamento";"false";"orçamento";"tag"
"bb9b4551-96a7-4381-a81a-61323b3ee661";"orçamento federal";"false";"orçamento federal";"tag"
"df23760d-9130-4758-96b5-edbf4cf762a3";"organizações da sociedade civil";"false";"organizações da sociedade civil";"tag"
"9dc45168-a359-490c-a98b-a19c46c6efd8";"órgão";"false";"órgão";"tag"
"42a609b2-2366-4390-9be9-afa85fef3bf9";"órgão colegiado";"false";"órgão colegiado";"tag"
"324bdb2b-911f-4a42-8b1c-3af612ab330f";"OSC";"false";"OSC";"tag"
"c8db51b5-446c-4865-ae80-f63ec77a0ebf";"pac";"false";"pac";"tag"
"c4d137d9-ce1b-4f39-abae-01b627177e87";"PAC";"false";"PAC";"tag"
"7fa61027-bc48-4e6c-b017-ef54f57a5b85";"pagamento-de-beneficios";"false";"pagamento-de-beneficios";"tag"
"3b7a5f03-b236-4652-a603-45be1442f22e";"Pantanal";"false";"Pantanal";"tag"
"3b690a64-bf06-4b7e-9fa4-48ce1e9405de";"Pará";"false";"Pará";"tag"
"11c1493c-d2e6-4965-9cd1-8cf99ce86820";"Parte de Goiás";"false";"Parte de Goiás";"tag"
"06ba4cf9-579a-4a4f-942a-281be23f6932";"Parte do Maranhão";"false";"Parte do Maranhão";"tag"
"ca45bd13-bc6a-46da-aadd-3389809f1bba";"Parte do Tocantins";"false";"Parte do Tocantins";"tag"
"706d7a27-3091-4027-a465-05bd09b9fb7d";"participação social";"false";"participação social";"tag"
"ed6bba1b-9ed0-48f5-9d45-f3b6707b37cd";"partidos";"false";"partidos";"tag"
"b165d99d-9407-4be4-8a93-ae413bec08fb";"partidos políticos";"false";"partidos políticos";"tag"
"02124206-b42e-4ea4-8ecd-57e16dc4ddd7";"passageiros avião";"false";"passageiros avião";"tag"
"d38521ad-cb80-478f-9411-235cceff5efd";"passaporte";"false";"passaporte";"tag"
"478920f5-e364-4178-89d6-8954e3930984";"patrimônio da união";"false";"patrimônio da união";"tag"
"2189787a-2adc-4df1-ba91-5a123f4530a4";"paz";"false";"paz";"tag"
"b8c2a54f-1d59-4017-b978-582c0ae7e0e2";"pe";"false";"pe";"tag"
"ff364948-be58-4a9f-8c5c-8bd51c90a5a2";"PE";"false";"PE";"tag"
"a1b64cdb-b538-4f25-878c-3911cccf7a83";"PED";"false";"PED";"tag"
"30a692fb-f2b4-4da5-8921-c0ab4e74f900";"Pedologia";"false";"Pedologia";"tag"
"311c7d78-5112-4407-a8ca-6a7e8fc84a6d";"Pensão Alimentícia";"false";"Pensão Alimentícia";"tag"
"4cac2164-53e5-4406-9540-2896a500d1e3";"Pensão por morte";"false";"Pensão por morte";"tag"
"6ae911c3-7acc-4a35-b956-8a012af67998";"pensionista";"false";"pensionista";"tag"
"35a2e27c-675d-45a3-836b-5286bac166df";"perfil do eleitorado";"false";"perfil do eleitorado";"tag"
"e85755aa-5319-42d0-867a-7ea3f1efd741";"perfil dos candidatos";"false";"perfil dos candidatos";"tag"
"9f02b8f7-4417-4f8a-844e-17f4f8915572";"Perícia Médica";"false";"Perícia Médica";"tag"
"8a93bf9e-423f-424e-a0cd-40c5eba0d3ff";"pernambuco";"false";"pernambuco";"tag"
"4a382a49-b264-4bf8-8fa4-677ab0eb68b7";"Pernambuco";"false";"Pernambuco";"tag"
"e0a5d85a-198e-44b7-9a08-29d91485ff22";"Pessoa Física";"false";"Pessoa Física";"tag"
"23b7c1da-cb3f-4fc3-9ae7-dfbc1d84f35c";"petróleo";"false";"petróleo";"tag"
"38e39aa2-e018-413f-a93b-b0c146828886";"PGI";"false";"PGI";"tag"
"a63b378a-90a5-4cca-8a70-9d8d9417d19a";"Piauí";"false";"Piauí";"tag"
"a8cfa1df-861f-4f06-8e58-4dc1355063ec";"PIB";"false";"PIB";"tag"
"ba49dd4f-717e-47fd-9806-742dfb7cc1ce";"Plano Plurianual";"false";"Plano Plurianual";"tag"
"c61536e7-17e2-4128-9f00-a3e7033ca0a1";"PNERA";"false";"PNERA";"tag"
"f5dcd92d-b589-45b7-bf70-4c5ef274c364";"poder executivo";"false";"poder executivo";"tag"
"6d075e9a-1976-4cfc-a55c-23a4139c393f";"poder legislativo";"false";"poder legislativo";"tag"
"6799993f-977d-4623-bb52-cf00d61a35e1";"polícia";"false";"polícia";"tag"
"e87be5af-8471-4c0d-8ece-6ce9ad5ae4d0";"polícia federal";"false";"polícia federal";"tag"
"e7b9de41-bcc5-47fb-9162-dc64ce452223";"polícia rodoviária";"false";"polícia rodoviária";"tag"
"fe029ed9-dfc4-461e-96df-8f2243375df9";"polícia rodoviária federal";"false";"polícia rodoviária federal";"tag"
"d6f425c4-92ca-4042-90b9-e9eebb8abaea";"política contra as drogas";"false";"política contra as drogas";"tag"
"8febfe82-264d-4962-afb0-a5a144463165";"poluição";"false";"poluição";"tag"
"7f978a5e-5535-4254-9097-92fbf10ac1e7";"Pontos de Inventário";"false";"Pontos de Inventário";"tag"
"463af7a9-554f-40bb-94ee-4411a27691ff";"Popolação";"false";"Popolação";"tag"
"5062d0bb-3911-4a0a-b83c-39c1b7b58d87";"populacao";"false";"populacao";"tag"
"7ba50daf-b15d-4df3-b950-3ee263ad34a6";"população ativa";"false";"população ativa";"tag"
"cf8dcdc8-8c4a-43bb-a31d-5d023a01717c";"portal da transparência";"false";"portal da transparência";"tag"
"e21aa162-c567-4cb2-bcd6-c7f19c993c33";"Posição hierárquica";"false";"Posição hierárquica";"tag"
"bcb42972-fcba-4f08-a5b1-1378a38e40d4";"postos de saúde";"false";"postos de saúde";"tag"
"7a8a086c-6b45-4e63-8f72-4730c83061a9";"PPA";"false";"PPA";"tag"
"e1aba6d6-6a3e-439d-a6c4-03ec9967d627";"preços";"false";"preços";"tag"
"24447b70-63ab-404e-9233-6005d5b0e497";"preços praticados";"false";"preços praticados";"tag"
"6e4d1909-fed2-410e-90a5-fa21c2d2b275";"pregão";"false";"pregão";"tag"
"10622354-3964-41df-aa3b-c32e7f382931";"presença";"false";"presença";"tag"
"7f7ce828-b81d-4119-bbba-bb44c385eff4";"prestação de contas";"false";"prestação de contas";"tag"
"bfb9655f-2a08-4cc4-83de-05882aa2c3fe";"prevenção";"false";"prevenção";"tag"
"306d6564-02d9-4336-9ad6-455735524f4b";"Previdência";"false";"Previdência";"tag"
"c7f4204a-7d83-40da-97ee-a21c44065949";"previdência social";"false";"previdência social";"tag"
"5558b887-fb98-45f5-8fc4-9e02265a8899";"Previdência Social";"false";"Previdência Social";"tag"
"5eb115c7-d32e-443f-8dbb-e95927d4e806";"processo legislativo";"false";"processo legislativo";"tag"
"6d0cf263-e4c4-4231-9fea-491053d671af";"procon";"false";"procon";"tag"
"3a7fd552-4b6d-4641-8bcd-4f44ac6c1aaa";"produção";"false";"produção";"tag"
"9c642f52-eee1-4e1f-962e-6d896906986e";"produto interno bruto";"false";"produto interno bruto";"tag"
"e5626f16-8927-4771-9b94-aeeb51d0e7c6";"produtos";"false";"produtos";"tag"
"2f8c3b76-5805-4f74-a5c6-f9254c506f36";"profissionais do magistério";"false";"profissionais do magistério";"tag"
"93299240-7cf9-4250-b3ef-e41286da7471";"programas de governo";"false";"programas de governo";"tag"
"2598279d-aa87-4f45-94f7-c9afaebdead0";"Programas do Governo Federal";"false";"Programas do Governo Federal";"tag"
"2cd664c0-d836-4905-9d65-86134626f272";"projeção populacional";"false";"projeção populacional";"tag"
"8a7a18c8-442d-47f2-bd9c-8bfbbff7c5d4";"projetos de lei";"false";"projetos de lei";"tag"
"cd8a4233-7244-49b0-816d-10bfe08db7d3";"proposições parlamentares";"false";"proposições parlamentares";"tag"
"28f2a3a2-cb4d-4561-8f0f-048c09face78";"Prova Brasil";"false";"Prova Brasil";"tag"
"87ab70ad-00d9-46c8-8109-e51148dcf598";"Provão";"false";"Provão";"tag"
"c63960c0-879d-4650-974a-92721d27629f";"qualificação profissional";"false";"qualificação profissional";"tag"
"5493737b-7c39-413f-9535-a9eae8377ff6";"quase colisão";"false";"quase colisão";"tag"
"db92ca9f-d664-409a-a09e-3391d7916543";"RAAP";"false";"RAAP";"tag"
"f2def66e-ef75-474f-a5f2-368650efac1f";"RE";"false";"RE";"tag"
"006a9c9d-11dd-4f69-ae0c-f31c52d0c679";"Reabilitação Profissional";"false";"Reabilitação Profissional";"tag"
"691ec8bd-1e70-4398-97ec-166006ab3207";"receita federal";"false";"receita federal";"tag"
"2bc1f4b8-412f-416b-bdfd-235f59fa44b6";"Receitas";"false";"Receitas";"tag"
"091c1661-6a01-41cc-8182-aac1f5451c7e";"Recife";"false";"Recife";"tag"
"d6ac0526-ecc0-4965-9203-5babc9f1c7bb";"reclamação";"false";"reclamação";"tag"
"f3ba581d-1fdc-4d67-842c-59dad472e7e3";"recolhimento";"false";"recolhimento";"tag"
"6133dea3-b507-460f-8ed2-3ca9de41c43c";"Recolhimento";"false";"Recolhimento";"tag"
"7fcadc9c-582d-4bb0-b303-e52efff9f253";"recolhimentos";"false";"recolhimentos";"tag"
"a069652c-91fc-4d21-ae34-b34d1bdaf876";"Recolhimentos";"false";"Recolhimentos";"tag"
"a8b87227-bf8c-4c47-9246-11d5e14b0557";"recursos hídricos";"false";"recursos hídricos";"tag"
"b42dcec6-921b-4044-9c4d-db9472874819";"Rede Altimétrica";"false";"Rede Altimétrica";"tag"
"2aafcb15-c1ad-49fa-9db2-e2cea95df8fb";"Rede Estadual GPS";"false";"Rede Estadual GPS";"tag"
"a8cc67e0-75c0-4b2c-92c7-e9c5265b00d6";"Rede Gravimétrica";"false";"Rede Gravimétrica";"tag"
"64e52d08-fbb4-441d-a053-f3f56b9b7883";"rede privada";"false";"rede privada";"tag"
"ca8b97ce-ddcb-47ea-a08d-9eae99d9f42a";"Rede Privada de entidades de assistência social";"false";"Rede Privada de entidades de assistência social";"tag"
"da75420e-a4ae-4082-88c6-aa2592c3c009";"Rede urbana";"false";"Rede urbana";"tag"
"ae991c1f-f489-4225-b0a0-591d36c8a271";"reforma agrária";"false";"reforma agrária";"tag"
"ac74615e-b19e-4bca-971a-24866641b394";"Região Sul";"false";"Região Sul";"tag"
"c41f1f09-6229-4942-b9a9-9c1b64deafd5";"registro";"false";"registro";"tag"
"54bcf929-22d7-47a7-918f-fe01302095e0";"registro civil";"false";"registro civil";"tag"
"aecfffad-c12d-4de0-bb4b-772ffb345e47";"registro de preços";"false";"registro de preços";"tag"
"b2b8aebb-f437-40d1-81e7-5aac51ccdb0f";"remuneração";"false";"remuneração";"tag"
"bc5e91c5-fb26-4dbd-8e17-382922a4527d";"renda";"false";"renda";"tag"
"4caa17d3-0e9b-4ac0-af50-faeddfa3f59c";"rendimento escolar";"false";"rendimento escolar";"tag"
"58a2bc5d-9242-4383-bd68-79dc0ebb8500";"repasse";"false";"repasse";"tag"
"0fe4673f-bf49-4dae-8224-0d6101937038";"residências";"false";"residências";"tag"
"5f513332-9361-42cb-87e2-f7e830e7191e";"responsabilidade social";"false";"responsabilidade social";"tag"
"b555853d-3340-4a1c-bd8e-2cb784c8c78e";"resultado das eleições";"false";"resultado das eleições";"tag"
"eadd919e-c50b-4487-b359-3aee51b55f86";"rio grande do sul";"false";"rio grande do sul";"tag"
"4542690a-b40c-4e8e-9050-c0b3ba7a1cfe";"Rio Grande do Sul";"false";"Rio Grande do Sul";"tag"
"5faf90fe-c408-433d-8978-b27ca9d68d29";"rn";"false";"rn";"tag"
"3d82fcec-2547-4fb5-b33c-1df2c83d2e52";"RN";"false";"RN";"tag"
"5495f318-93a2-41c6-af82-03caf9dc1f01";"rodovias";"false";"rodovias";"tag"
"6b582e80-e116-4f8d-be9b-65bbaf116774";"Rondônia";"false";"Rondônia";"tag"
"bf502247-8890-4ad6-9f0a-c7435784da2f";"Roraima";"false";"Roraima";"tag"
"f991331e-5fbb-4732-a229-ee9a8038de05";"RS";"false";"RS";"tag"
"4de0333b-e90e-450b-8884-22d12895784b";"Rubrica";"false";"Rubrica";"tag"
"bb3e2845-75c7-439e-8e21-33e5a9fe5d44";"SAE";"false";"SAE";"tag"
"0b8b18ba-bcf4-4edc-aac8-110ef7eb43b2";"SAEB";"false";"SAEB";"tag"
"550ffea1-730f-4c40-be2b-ea9d36f145ef";"salário base";"false";"salário base";"tag"
"3a062637-7de9-4146-9c90-ddb7065503b0";"Salário Maternidade";"false";"Salário Maternidade";"tag"
"d4a47e6c-f192-4515-9c6a-7eae6fddacb2";"saneamento";"false";"saneamento";"tag"
"697e85d0-e7c8-4739-bcaf-20ac97357a95";"saneamento ambiental";"false";"saneamento ambiental";"tag"
"9c68fc7c-0192-4159-baa7-6b399dab5476";"saneamento e urbanismo";"false";"saneamento e urbanismo";"tag"
"901fc146-d2b1-47be-9da8-8cb16e4bfa07";"Santa Catarina";"false";"Santa Catarina";"tag"
"17438571-ee1a-420f-93e9-f91ea955df0f";"São Paulo";"false";"São Paulo";"tag"
"4033c0b0-80e9-4c05-916d-8aca65bdcfcb";"saúde";"false";"saúde";"tag"
"7a01f8ae-c90e-4544-b75c-68eb02f307de";"saúde no trabalho";"false";"saúde no trabalho";"tag"
"db86e4b2-679b-46ee-bfd3-097cafb01ee0";"Secretaria Nacional do Consumidor";"false";"Secretaria Nacional do Consumidor";"tag"
"670df57e-1db6-44e8-9a0d-bdaf1a7125d5";"segurado";"false";"segurado";"tag"
"fb5ec51b-e73b-4fbe-8bd4-a531a14907ec";"Segurados deslocados estrangeiros";"false";"Segurados deslocados estrangeiros";"tag"
"11942f95-ee5d-476a-ae35-3687a8a4ed6e";"segurança";"false";"segurança";"tag"
"cc401aa6-2ea8-4901-8cbe-30b93cb44982";"segurança do trabalho";"false";"segurança do trabalho";"tag"
"58d23e99-5414-44ca-92a7-dda2a2eec4cb";"segurança pública";"false";"segurança pública";"tag"
"6b30d30b-2ebb-40b7-9421-15e6347ec09a";"seguro-desemprego";"false";"seguro-desemprego";"tag"
"dd779c4f-5b5d-4c5e-91f2-9937e0e13f24";"Senacon";"false";"Senacon";"tag"
"d701f2ca-7074-40f9-bd92-6fa40b21a280";"Senado Federal";"false";"Senado Federal";"tag"
"574d8eea-bbe2-459c-80b9-6422b8e0fc16";"Serviço de saúde";"false";"Serviço de saúde";"tag"
"58d90942-b6fb-4745-82b6-40e135c40283";"serviços";"false";"serviços";"tag"
"1e7c264b-d9c2-4d36-99b3-b1dd2a41b3bb";"Serviço Social";"false";"Serviço Social";"tag"
"88da6f9f-b6d1-45c5-98a0-e47fb0e82eb4";"serviços oferecidos";"false";"serviços oferecidos";"tag"
"7fa382c1-4fe1-45e7-98bf-5b1c9dca36b9";"Serviços Previdenciários";"false";"Serviços Previdenciários";"tag"
"e0d96890-ec43-4d32-8827-7a0494ebfce1";"servidor";"false";"servidor";"tag"
"abc71ee2-84ae-403e-bb9d-9e3a4970f7c2";"servidor federal";"false";"servidor federal";"tag"
"efeb15b8-4de8-4f33-b977-4abe6dc09682";"servidor público";"false";"servidor público";"tag"
"454a882e-73a4-49f8-8686-0ed0d969b784";"sexo";"false";"sexo";"tag"
"0fe15c45-652f-49e2-988b-e1089749344c";"Sexo";"false";"Sexo";"tag"
"d87766cf-b73d-4803-9039-6c6dffc8122c";"SIAPA";"false";"SIAPA";"tag"
"41fd1a05-d26b-4589-a483-4f7053b96f77";"SIAPE";"false";"SIAPE";"tag"
"5abf17ad-3510-41aa-9820-3345d92ea404";"SIASG";"false";"SIASG";"tag"
"22c65ae5-a6de-44c2-bb4f-902d3d9afdcf";"Sicaf";"false";"Sicaf";"tag"
"bf2a5ba1-7ce9-4d39-adff-d004ab7a8b34";"SICAF";"false";"SICAF";"tag"
"c10ffa92-0091-4aaf-8f5b-97ba23eeb029";"siconv";"false";"siconv";"tag"
"2eb2f8ec-25f1-4b4b-ac7b-a4818ec985e0";"SIGER";"false";"SIGER";"tag"
"ce4dcb53-cad9-416f-ba22-654fe360e284";"SIMPLES";"false";"SIMPLES";"tag"
"b35e1918-8b30-407b-9562-c3aa8ee47730";"Sindec";"false";"Sindec";"tag"
"fbce5347-1539-4629-bd38-73eb4d682190";"SIORG";"false";"SIORG";"tag"
"6e1cc0d3-2ab9-4689-9b6c-5afea35f123b";"Sipaer";"false";"Sipaer";"tag"
"6f4c96aa-b80b-41b1-84ba-92b8f4af49a1";"sistema prisional";"false";"sistema prisional";"tag"
"f19a5dd0-c8f8-4492-8e00-a3632124cbef";"Solo";"false";"Solo";"tag"
"68d09e12-334c-4d9d-8c81-9135473e2ec5";"solos mapa brasil recurso natural mapas murais cren";"false";"solos mapa brasil recurso natural mapas murais cren";"tag"
"fb6f4c04-ec92-48ff-b7f2-c7a21f5065d3";"solos pedologia mapa tocantins recurso natural";"false";"solos pedologia mapa tocantins recurso natural";"tag"
"605df9ee-9511-43b2-be51-b57b5962a05a";"sp";"false";"sp";"tag"
"84fd8dc4-c070-49ee-8cf7-cff0e1d3ed02";"SP";"false";"SP";"tag"
"08424c0c-9ee8-4b30-b7a3-cdcdb1947726";"SPU";"false";"SPU";"tag"
"1e67a2e2-82a2-4285-b8e8-e07aaa43c43c";"substâncias psicoativas";"false";"substâncias psicoativas";"tag"
"e16ab735-a5e0-4209-90bf-f31d28ea8451";"SUS";"false";"SUS";"tag"
"b66e9283-efdd-48b3-a7b0-5cd6de76f494";"sustentável";"false";"sustentável";"tag"
"c00f2063-3ea3-4f54-b71d-7faf40e60812";"tabela";"false";"tabela";"tag"
"20746f2d-8fd8-4062-882f-a7df7979728d";"taxas";"false";"taxas";"tag"
"29dd855a-e522-42d1-ab2a-e2b1765464a0";"TCU";"false";"TCU";"tag"
"23f98b32-4e86-42a5-b9c3-f7f4e6227a77";"tempo-de-servico";"false";"tempo-de-servico";"tag"
"650163f5-002f-4d48-9292-f8e0700c3128";"Terceiros";"false";"Terceiros";"tag"
"f8c96f23-186d-454e-8adf-57b537349fd7";"Teses";"false";"Teses";"tag"
"7777df85-3b3d-4193-94b8-75d773e27e47";"tid";"false";"tid";"tag"
"4bb87a47-4ed1-44aa-b514-49d7fdf84859";"Tocantins";"false";"Tocantins";"tag"
"f3adcdd6-e09c-4ae9-8443-234cf560c1db";"tomada de preços";"false";"tomada de preços";"tag"
"f1ae69c8-d718-4273-86a2-07edab57d686";"trabalhador";"false";"trabalhador";"tag"
"8d9fc477-c240-4607-9f4b-04c7f3384206";"trabalho";"false";"trabalho";"tag"
"579944f1-90e1-493c-90fa-b9218bea7147";"trânsito";"false";"trânsito";"tag"
"79f5b3a8-6cc5-482c-be64-445bf37e8d94";"transparência";"false";"transparência";"tag"
"044d7003-7b47-42cf-98e5-f92b34c4b85e";"transporte";"false";"transporte";"tag"
"d375fd18-97d0-4975-b9ae-95d5b19b6a92";"transporte aéreo";"false";"transporte aéreo";"tag"
"e960b694-91a9-4059-8362-c327e2fce4f3";"transporte público";"false";"transporte público";"tag"
"5b239fd2-73f7-4b89-bf5c-ee96c02e72c9";"Transporte público";"false";"Transporte público";"tag"
"1e88c2ab-7886-42ec-a1c6-d6f7066f4c19";"TSE";"false";"TSE";"tag"
"0825abc1-9233-49a3-af46-a4e68aace4a3";"UBS";"false";"UBS";"tag"
"de6bdc0c-1771-470e-be43-c13cf636ad5f";"UF";"false";"UF";"tag"
"743e4ed4-820b-43b0-a2db-6e6d5db58cea";"Unidade da Federaçao";"false";"Unidade da Federaçao";"tag"
"7930d205-5ab4-43da-b324-d9d74b962da4";"Unidade da Federação";"false";"Unidade da Federação";"tag"
"35018a82-1981-4b68-9c4f-57689169f9a7";"universidades";"false";"universidades";"tag"
"6962c8b6-8c62-4175-9b57-4f30117556ad";"UO";"false";"UO";"tag"
"809bc8ac-1cc3-4456-b68a-a1cd00bff938";"Uso da Terra";"false";"Uso da Terra";"tag"
"a0a8d6e5-2604-49ca-a4a7-e690bb9d6d14";"Valor de benefício";"false";"Valor de benefício";"tag"
"ad60e9b0-ce19-4346-a2a2-f72d15c9d678";"valores";"false";"valores";"tag"
"c7ed1aab-4509-4078-9cdd-48c8b1f5bab8";"Vegetação";"false";"Vegetação";"tag"
"02558977-a519-4196-8d48-fab8c03e5b3c";"Vegetação mapas Amazônia Legal brasil recurso natural";"false";"Vegetação mapas Amazônia Legal brasil recurso natural";"tag"
"00186ac9-2c42-4c8a-8415-1a778ffbd663";"Vegetação mapas Amazônia Legal brasil recurso natural recursos naturais cren banco de dados";"false";"Vegetação mapas Amazônia Legal brasil recurso natural recursos naturais cren banco de dados";"tag"
"bedbb435-f8b9-47d9-b2d5-1fe435d6db93";"vegetação mapas brasil recurso natural";"false";"vegetação mapas brasil recurso natural";"tag"
"1b83eb6a-0ec3-4a23-b4d4-b11249a5a5b0";"vegetação mapas brasil recurso natural tocantins 1000000";"false";"vegetação mapas brasil recurso natural tocantins 1000000";"tag"
"c78ec573-9756-4de3-84d1-9ef51e4d24f6";"vereadores";"false";"vereadores";"tag"
"1fca2df7-4035-49bf-8ae3-9ffee1c7b237";"Vértice de Triangulação";"false";"Vértice de Triangulação";"tag"
"bcec7c59-0abb-4ae4-b4ea-1bc0ef34a95f";"vestibular";"false";"vestibular";"tag"
"2705e22d-de70-4de3-a687-4d2cbd65571d";"vinculos";"false";"vinculos";"tag"
"93ae26e3-6249-47be-9829-7e31878b6cea";"violência contra a mulher";"false";"violência contra a mulher";"tag"
"41a7ab78-3cec-44a3-b2c3-ca15ad55a50f";"VT";"false";"VT";"tag"
"09926270-7a6a-4295-a46b-16794937f7bd";"Camara Municipal SP";"false";"VT";"group"
"03cdf076-5123-4504-a320-60f16637ff3a";"Comércio, Serviços e Turismo";"false";"VT";"group"
"c77c26a1-0cd3-4f8d-bb05-27dfaa22db45";"Cultura, Lazer e Esporte";"false";"VT";"group"
"075d080b-6b6d-425b-8173-1dd334777e0a";"Conjuntos de dados em destaque";"false";"VT";"group"
"d3639dfe-2bef-4a77-8c6f-f2dc630f82dc";"Defesa e Segurança";"false";"VT";"group"
"af69e4ab-2e26-480a-9f87-5758e4e3bc3b";"Economia e Finanças";"false";"VT";"group"
"d3167a4d-4b97-4151-88e6-03be4353a33d";"Educação";"false";"VT";"group"
"103d7f34-4a1e-484a-8964-07a371b8dbb0";"Equipamentos Públicos";"false";"VT";"group"
"214ec198-9037-4667-947f-f601df979b23";"Geografia";"false";"VT";"group"
"7ce6ac93-7a46-45ab-bf24-dbf7559e1c02";"Governo e Política";"false";"VT";"group"
"8eb10fff-70e6-4772-b524-c16d95ed1095";"Habitação, Saneamento e Urbanismo";"false";"VT";"group"
"f899d000-7c65-4fa0-a49e-de84e52fecf3";"Informações de Saúde";"false";"VT";"group"
"f3e03abc-0030-45b2-8282-7f2ee768c573";"Indústria";"false";"VT";"group"
"9103232c-6f92-4dd3-966b-db659eb25589";"Justiça e Legislação";"false";"VT";"group"
"be4b8713-f71a-4161-b1d8-177a69af1f7f";"Meio Ambiente";"false";"VT";"group"
"797d992e-a1f7-4b95-a9d8-397f795f74cd";"Pessoa, Familia e Sociedade";"false";"VT";"group"
"34008ca7-af31-457d-abfd-d8a27fa5fc46";"Plataforma de Gestão de Indicadores";"false";"VT";"group"
"c2b77196-409a-4a71-bebd-1faf1680d70d";"Plano Plurianual";"false";"VT";"group"
"ef5487ee-f685-40e0-945a-f9d94ba0817d";"Relações Internacionais";"false";"VT";"group"
"bd3fc437-b9f8-4789-9b42-3bd8099c7b5d";"Saúde";"false";"VT";"group"
"e4661282-7195-4641-9001-565994142263";"Trabalho";"false";"VT";"group"
"7dcde570-481b-4b0e-938b-f9f942f73f10";"Transportes e Trânsito";"false";"VT";"group"
